[2025-05-07T00:47:42.800Z] INFO: Inicio de sesión exitoso para: juan.lopez4572@alumnos.udg.mx
[2025-05-07T00:49:00.079Z] INFO: Solicitud de reseteo de contraseña para: juan.lopez4572@alumnos.udg.mx
[2025-05-07T00:51:00.163Z] INFO: Validando código de reseteo para: juan.lopez4572@alumnos.udg.mx
[2025-05-07T00:58:41.488Z] INFO: Intento de registro para Mauricio@gmail.com
[2025-05-07T00:58:41.490Z] INFO: Intento de registro para Mauricio@gmail.com
[2025-05-07T00:58:41.584Z] INFO: Usuario creado exitosamente: Mauricio@gmail.com
[2025-05-07T00:58:41.589Z] INFO: Token generado para: Mauricio@gmail.com
[2025-05-07T00:58:41.590Z] INFO: Usuario registrado exitosamente: Mauricio@gmail.com
[2025-05-07T00:59:00.193Z] INFO: Intento de registro para Mauricio@gmail.com
[2025-05-07T00:59:00.193Z] INFO: Intento de registro para Mauricio@gmail.com
[2025-05-07T00:59:00.201Z] WARN: Registro fallido - Email ya registrado: Mauricio@gmail.com
[2025-05-07T00:59:00.201Z] ERROR: Error al registrar usuario: El email ya está registrado
[2025-05-07T00:59:15.872Z] INFO: Intento de registro para Maurici0o@gmail.com
[2025-05-07T00:59:15.873Z] INFO: Intento de registro para Maurici0o@gmail.com
[2025-05-07T00:59:15.882Z] WARN: Registro fallido - Código UDG duplicado: 215445711
[2025-05-07T00:59:15.883Z] ERROR: Error al registrar usuario: El código UDG ya está registrado
[2025-05-07T01:00:34.582Z] INFO: Intento de registro para Maurici0o@g4mail.com
[2025-05-07T01:00:34.583Z] WARN: Correo no permitido: Maurici0o@g4mail.com
[2025-05-07T01:01:26.620Z] INFO: Login exitoso para: juan.lopez4572@alumnos.udg.mx
[2025-05-07T01:01:26.621Z] INFO: Inicio de sesión exitoso para: juan.lopez4572@alumnos.udg.mx
[2025-05-07T01:01:53.892Z] WARN: Login fallido - Usuario no encontrado o inactivo: juan.lopez45172@alumnos.udg.mx
[2025-05-07T01:01:53.892Z] WARN: Error de login para juan.lopez45172@alumnos.udg.mx: Credenciales inválidas o cuenta inactiva
[2025-05-07T01:02:27.467Z] WARN: Login fallido - Contraseña incorrecta para: juan.lopez4572@alumnos.udg.mx
[2025-05-07T01:02:27.467Z] WARN: Error de login para juan.lopez4572@alumnos.udg.mx: Credenciales inválidas
[2025-05-07T01:03:08.723Z] INFO: Solicitud de reseteo de contraseña para: juan.lopez4572@alumnos.udg.mx
[2025-05-07T01:03:08.723Z] INFO: Solicitud de reset para: juan.lopez4572@alumnos.udg.mx
[2025-05-07T01:03:08.751Z] INFO: Código de recuperación generado para juan.lopez4572@alumnos.udg.mx: 86822
[2025-05-07T01:03:10.051Z] INFO: Correo de recuperación enviado a: juan.lopez4572@alumnos.udg.mx
[2025-05-07T01:04:14.774Z] INFO: Validando código de reseteo para: juan.lopez4572@alumnos.udg.mx
[2025-05-07T01:04:14.775Z] INFO: Validando código de reseteo para juan.lopez4572@alumnos.udg.mx
[2025-05-07T01:04:14.851Z] INFO: Contraseña actualizada para: juan.lopez4572@alumnos.udg.mx
[2025-05-07T01:04:16.288Z] INFO: Correo de confirmación de contraseña enviado a: juan.lopez4572@alumnos.udg.mx
[2025-05-07T01:05:12.974Z] WARN: Login fallido - Contraseña incorrecta para: juan.lopez4572@alumnos.udg.mx
[2025-05-07T01:05:12.975Z] WARN: Error de login para juan.lopez4572@alumnos.udg.mx: Credenciales inválidas
[2025-05-07T01:05:19.269Z] INFO: Login exitoso para: juan.lopez4572@alumnos.udg.mx
[2025-05-07T01:05:19.269Z] INFO: Inicio de sesión exitoso para: juan.lopez4572@alumnos.udg.mx
[2025-05-07T01:16:15.359Z] INFO: Perfil consultado para el usuario ID: 1
[2025-05-07T01:16:58.394Z] INFO: Perfil actualizado para el usuario ID: 1
[2025-05-07T01:17:19.893Z] INFO: Consulta de todos los vendedores realizada
[2025-05-07T01:19:20.102Z] INFO: Perfil solicitado para el usuario ID: 1
[2025-05-07T01:19:20.103Z] INFO: Perfil consultado para el usuario ID: 1
[2025-05-07T01:19:31.460Z] INFO: Perfil actualizado para el usuario ID: 1
[2025-05-07T01:19:31.460Z] INFO: Perfil actualizado para el usuario ID: 1
[2025-05-07T01:20:58.814Z] INFO: Lista de vendedores obtenida correctamente
[2025-05-07T01:20:58.817Z] INFO: Consulta de todos los vendedores realizada
[2025-05-07T01:21:52.893Z] WARN: Código UDG duplicado detectado: 215445725
[2025-05-07T01:21:52.894Z] ERROR: Error al actualizar perfil del usuario ID 1: El código UDG ya está registrado
[2025-05-07T01:26:11.501Z] INFO: Listado de todas las categorías obtenido
[2025-05-07T01:26:57.945Z] INFO: Categoría creada: Prueba3
[2025-05-07T01:26:57.946Z] INFO: Categoría creada desde controlador: Prueba3
[2025-05-07T01:27:17.281Z] INFO: Categoría consultada con ID: 1
[2025-05-07T01:54:52.817Z] INFO: Listado de todas las categorías obtenido
[2025-05-07T01:57:38.236Z] ERROR: Error al verificar token: jwt must be a string
[2025-05-07T02:00:36.815Z] ERROR: Error al verificar token: jwt must be a string
[2025-05-07T02:02:24.688Z] ERROR: Error al verificar token: jwt must be a string
[2025-05-07T02:02:36.015Z] ERROR: Error al verificar token: jwt must be a string
[2025-05-07T02:04:52.862Z] ERROR: Error al verificar token: jwt must be a string
[2025-05-07T02:34:33.110Z] INFO: Favorito creado - Usuario: 1 - Producto: 3
[2025-05-07T02:34:33.112Z] INFO: Producto ID 3 marcado como favorito por usuario ID 1
[2025-05-07T02:34:39.598Z] INFO: Favorito creado - Usuario: 1 - Producto: 2
[2025-05-07T02:34:39.598Z] INFO: Producto ID 2 marcado como favorito por usuario ID 1
[2025-05-07T02:34:44.022Z] INFO: Favorito creado - Usuario: 1 - Producto: 5
[2025-05-07T02:34:44.022Z] INFO: Producto ID 5 marcado como favorito por usuario ID 1
[2025-05-07T02:34:49.987Z] INFO: Consulta de favoritos - Usuario: 1 - Total: 3
[2025-05-07T02:34:49.987Z] INFO: Favoritos obtenidos para usuario ID 1
[2025-05-07T02:35:17.019Z] INFO: Verificación de favorito - Usuario: 1 - Producto: 1 - Resultado: false
[2025-05-07T02:35:21.225Z] INFO: Verificación de favorito - Usuario: 1 - Producto: 2 - Resultado: true
[2025-05-07T02:35:29.169Z] INFO: Favorito eliminado (true) - Usuario: 1 - Producto: 2
[2025-05-07T02:35:29.170Z] INFO: Favorito eliminado - Usuario: 1 - Producto: 2
[2025-05-07T02:35:42.557Z] INFO: Consulta de favoritos - Usuario: 1 - Total: 2
[2025-05-07T02:35:42.558Z] INFO: Favoritos obtenidos para usuario ID 1
[2025-05-07T02:35:51.268Z] INFO: Favoritos eliminados en total: 2 - Usuario ID: 1
[2025-05-07T02:35:51.268Z] INFO: Todos los favoritos eliminados para usuario ID 1
[2025-05-07T02:35:54.123Z] INFO: Consulta de favoritos - Usuario: 1 - Total: 0
[2025-05-07T02:35:54.124Z] INFO: Favoritos obtenidos para usuario ID 1
[2025-05-07T02:56:43.124Z] INFO: Login exitoso para: juan.lopez4572@alumnos.udg.mx
[2025-05-07T02:56:43.125Z] INFO: Inicio de sesión exitoso para: juan.lopez4572@alumnos.udg.mx
[2025-05-07T02:56:43.306Z] INFO: Perfil solicitado para el usuario ID: 1
[2025-05-07T02:56:43.306Z] INFO: Perfil consultado para el usuario ID: 1
[2025-05-07T02:56:43.913Z] INFO: Listado de todas las categorías obtenido
[2025-05-07T02:56:43.915Z] INFO: Listado de todas las categorías obtenido
[2025-05-07T02:56:43.926Z] INFO: Consulta de productos disponibles realizada
[2025-05-07T02:56:43.926Z] INFO: Listado de todos los productos disponibles consultado
[2025-05-07T02:56:43.929Z] INFO: Consulta de productos disponibles realizada
[2025-05-07T02:56:43.929Z] INFO: Listado de todos los productos disponibles consultado
[2025-05-07T02:57:07.941Z] INFO: Productos obtenidos por categoría - ID: 2
[2025-05-07T02:57:07.941Z] INFO: Productos consultados por categoría ID: 2
[2025-05-07T02:57:10.280Z] INFO: Productos obtenidos por categoría - ID: 1
[2025-05-07T02:57:10.280Z] INFO: Productos consultados por categoría ID: 1
[2025-05-07T02:57:12.204Z] INFO: Productos obtenidos por categoría - ID: 4
[2025-05-07T02:57:12.205Z] INFO: Productos consultados por categoría ID: 4
[2025-05-07T02:57:27.697Z] INFO: Perfil solicitado para el usuario ID: 1
[2025-05-07T02:57:27.698Z] INFO: Perfil consultado para el usuario ID: 1
[2025-05-07T02:57:37.236Z] INFO: Consulta de productos disponibles realizada
[2025-05-07T02:57:37.236Z] INFO: Listado de todos los productos disponibles consultado
[2025-05-07T02:57:44.288Z] INFO: Perfil solicitado para el usuario ID: 1
[2025-05-07T02:57:44.289Z] INFO: Perfil consultado para el usuario ID: 1
[2025-05-07T02:57:45.597Z] INFO: Lista de vendedores obtenida correctamente
[2025-05-07T02:57:45.598Z] INFO: Consulta de todos los vendedores realizada
[2025-05-07T02:57:52.758Z] INFO: Pedido creado exitosamente - ID: 22, Usuario: 1
[2025-05-07T02:57:52.758Z] INFO: Pedido creado con ID 22 por usuario ID 1
[2025-05-07T02:57:54.075Z] INFO: Historial de pedidos obtenido para usuario ID: 1
[2025-05-07T02:57:54.076Z] INFO: Historial de pedidos consultado por usuario ID 1
[2025-05-07T02:58:05.594Z] INFO: Pedido cancelado - ID: 22, Por: usuario ID 1
[2025-05-07T02:58:05.594Z] INFO: Pedido cancelado ID 22 por usuario ID 1
[2025-05-07T02:58:05.661Z] INFO: Historial de pedidos obtenido para usuario ID: 1
[2025-05-07T02:58:05.661Z] INFO: Historial de pedidos consultado por usuario ID 1
[2025-05-07T02:58:11.280Z] INFO: Inbox generado para usuario ID 1 con 2 conversaciones
[2025-05-07T02:58:11.281Z] INFO: Inbox obtenido para usuario ID: 1
[2025-05-07T02:58:13.262Z] INFO: Listado de todas las categorías obtenido
[2025-05-07T02:58:13.265Z] INFO: Consulta de productos disponibles realizada
[2025-05-07T02:58:13.265Z] INFO: Listado de todos los productos disponibles consultado
[2025-05-07T02:58:20.464Z] INFO: Lista de vendedores obtenida correctamente
[2025-05-07T02:58:20.465Z] INFO: Consulta de todos los vendedores realizada
[2025-05-07T02:58:25.988Z] INFO: Consulta de productos disponibles realizada
[2025-05-07T02:58:25.989Z] INFO: Listado de todos los productos disponibles consultado
[2025-05-07T02:58:28.843Z] INFO: Mensajes entre 2 y 1 marcados como leídos
[2025-05-07T02:58:28.848Z] INFO: Conversación entre 2 y 1 consultada
[2025-05-07T02:58:41.341Z] INFO: Inbox generado para usuario ID 1 con 2 conversaciones
[2025-05-07T02:58:41.341Z] INFO: Inbox obtenido para usuario ID: 1
[2025-05-07T02:59:04.663Z] INFO: Listado de todas las categorías obtenido
[2025-05-07T02:59:04.667Z] INFO: Consulta de productos disponibles realizada
[2025-05-07T02:59:04.667Z] INFO: Listado de todos los productos disponibles consultado
[2025-05-07T02:59:08.660Z] INFO: Inbox generado para usuario ID 1 con 2 conversaciones
[2025-05-07T02:59:08.660Z] INFO: Inbox obtenido para usuario ID: 1
[2025-05-07T03:15:30.550Z] INFO: Listado de todas las categorías obtenido
[2025-05-07T03:15:30.562Z] INFO: Consulta de productos disponibles realizada
[2025-05-07T03:15:30.563Z] INFO: Listado de todos los productos disponibles consultado
[2025-05-07T03:15:32.012Z] INFO: Inbox generado para usuario ID 1 con 2 conversaciones
[2025-05-07T03:15:32.012Z] INFO: Inbox obtenido para usuario ID: 1
[2025-05-07T03:15:32.040Z] INFO: getAllUsers: 17 usuarios encontrados
[2025-05-07T03:15:32.041Z] INFO: Se obtuvo la lista de todos los usuarios (17)
[2025-05-07T03:19:40.025Z] INFO: Perfil solicitado para el usuario ID: 1
[2025-05-07T03:19:40.027Z] INFO: Perfil consultado para el usuario ID: 1
[2025-05-07T03:19:41.003Z] INFO: Listado de todas las categorías obtenido
[2025-05-07T03:19:41.029Z] INFO: Consulta de productos disponibles realizada
[2025-05-07T03:19:41.029Z] INFO: Listado de todos los productos disponibles consultado
[2025-05-07T03:19:56.683Z] INFO: Inbox generado para usuario ID 1 con 2 conversaciones
[2025-05-07T03:19:56.683Z] INFO: Inbox obtenido para usuario ID: 1
[2025-05-07T03:19:56.721Z] INFO: getAllUsers: 17 usuarios encontrados
[2025-05-07T03:19:56.722Z] INFO: Se obtuvo la lista de todos los usuarios (17)
[2025-05-07T03:19:59.035Z] INFO: Mensajes entre 2 y 1 marcados como leídos
[2025-05-07T03:19:59.041Z] INFO: Conversación entre 2 y 1 consultada
[2025-05-07T03:20:05.174Z] INFO: Mensaje creado en la DB de 1 a 2
[2025-05-07T03:20:05.174Z] INFO: Mensaje enviado de 1 a 2
[2025-05-07T03:20:05.217Z] INFO: Mensajes entre 2 y 1 marcados como leídos
[2025-05-07T03:20:05.221Z] INFO: Conversación entre 2 y 1 consultada
[2025-05-07T03:20:09.908Z] INFO: Inbox generado para usuario ID 1 con 2 conversaciones
[2025-05-07T03:20:09.908Z] INFO: Inbox obtenido para usuario ID: 1
[2025-05-07T03:20:10.037Z] INFO: getAllUsers: 17 usuarios encontrados
[2025-05-07T03:20:10.038Z] INFO: Se obtuvo la lista de todos los usuarios (17)
[2025-05-07T03:20:11.912Z] INFO: Mensajes entre 3 y 1 marcados como leídos
[2025-05-07T03:20:11.914Z] INFO: Conversación entre 3 y 1 consultada
[2025-05-07T03:20:15.172Z] INFO: Mensaje creado en la DB de 1 a 3
[2025-05-07T03:20:15.173Z] INFO: Mensaje enviado de 1 a 3
[2025-05-07T03:20:15.290Z] INFO: Mensajes entre 3 y 1 marcados como leídos
[2025-05-07T03:20:15.294Z] INFO: Conversación entre 3 y 1 consultada
[2025-05-07T03:20:16.679Z] INFO: Inbox generado para usuario ID 1 con 2 conversaciones
[2025-05-07T03:20:16.680Z] INFO: Inbox obtenido para usuario ID: 1
[2025-05-07T03:20:16.975Z] INFO: getAllUsers: 17 usuarios encontrados
[2025-05-07T03:20:16.975Z] INFO: Se obtuvo la lista de todos los usuarios (17)
[2025-05-07T03:20:19.767Z] INFO: Listado de todas las categorías obtenido
[2025-05-07T03:20:19.774Z] INFO: Consulta de productos disponibles realizada
[2025-05-07T03:20:19.775Z] INFO: Listado de todos los productos disponibles consultado
[2025-05-07T03:20:21.490Z] INFO: Perfil solicitado para el usuario ID: 1
[2025-05-07T03:20:21.491Z] INFO: Perfil consultado para el usuario ID: 1
[2025-05-07T03:20:23.053Z] INFO: Perfil solicitado para el usuario ID: 1
[2025-05-07T03:20:23.053Z] INFO: Perfil consultado para el usuario ID: 1
[2025-05-07T03:20:24.099Z] INFO: Lista de vendedores obtenida correctamente
[2025-05-07T03:20:24.099Z] INFO: Consulta de todos los vendedores realizada
[2025-05-07T03:20:25.930Z] INFO: Pedido creado exitosamente - ID: 23, Usuario: 1
[2025-05-07T03:20:25.931Z] INFO: Pedido creado con ID 23 por usuario ID 1
[2025-05-07T03:20:26.974Z] INFO: Historial de pedidos obtenido para usuario ID: 1
[2025-05-07T03:20:26.974Z] INFO: Historial de pedidos consultado por usuario ID 1
[2025-05-07T03:20:32.067Z] INFO: Pedido cancelado - ID: 23, Por: usuario ID 1
[2025-05-07T03:20:32.067Z] INFO: Pedido cancelado ID 23 por usuario ID 1
[2025-05-07T03:20:32.099Z] INFO: Historial de pedidos obtenido para usuario ID: 1
[2025-05-07T03:20:32.100Z] INFO: Historial de pedidos consultado por usuario ID 1
[2025-05-07T03:20:35.549Z] INFO: Listado de todas las categorías obtenido
[2025-05-07T03:20:35.552Z] INFO: Consulta de productos disponibles realizada
[2025-05-07T03:20:35.553Z] INFO: Listado de todos los productos disponibles consultado
[2025-05-07T03:20:37.249Z] INFO: Productos obtenidos por categoría - ID: 1
[2025-05-07T03:20:37.250Z] INFO: Productos consultados por categoría ID: 1
[2025-05-07T03:20:40.209Z] INFO: Perfil solicitado para el usuario ID: 1
[2025-05-07T03:20:40.210Z] INFO: Perfil consultado para el usuario ID: 1
[2025-05-07T03:20:51.077Z] INFO: Lista de vendedores obtenida correctamente
[2025-05-07T03:20:51.077Z] INFO: Consulta de todos los vendedores realizada
[2025-05-07T03:20:52.685Z] INFO: Consulta de productos disponibles realizada
[2025-05-07T03:20:52.685Z] INFO: Listado de todos los productos disponibles consultado
[2025-05-07T03:20:54.874Z] INFO: Mensajes entre 15 y 1 marcados como leídos
[2025-05-07T03:20:54.876Z] INFO: Conversación entre 15 y 1 consultada
[2025-05-07T03:21:00.061Z] INFO: Mensaje creado en la DB de 1 a 15
[2025-05-07T03:21:00.061Z] INFO: Mensaje enviado de 1 a 15
[2025-05-07T03:21:00.090Z] INFO: Mensajes entre 15 y 1 marcados como leídos
[2025-05-07T03:21:00.093Z] INFO: Conversación entre 15 y 1 consultada
[2025-05-07T03:21:05.688Z] INFO: Consulta de productos disponibles realizada
[2025-05-07T03:21:05.688Z] INFO: Listado de todos los productos disponibles consultado
[2025-05-07T03:21:08.470Z] INFO: Perfil solicitado para el usuario ID: 1
[2025-05-07T03:21:08.471Z] INFO: Perfil consultado para el usuario ID: 1
[2025-05-07T03:21:09.830Z] INFO: Perfil solicitado para el usuario ID: 1
[2025-05-07T03:21:09.831Z] INFO: Perfil consultado para el usuario ID: 1
[2025-05-07T03:21:16.089Z] INFO: Mensajes entre 2 y 1 marcados como leídos
[2025-05-07T03:21:16.091Z] INFO: Conversación entre 2 y 1 consultada
[2025-05-07T03:21:20.168Z] INFO: Mensaje creado en la DB de 1 a 2
[2025-05-07T03:21:20.168Z] INFO: Mensaje enviado de 1 a 2
[2025-05-07T03:21:20.224Z] INFO: Mensajes entre 2 y 1 marcados como leídos
[2025-05-07T03:21:20.227Z] INFO: Conversación entre 2 y 1 consultada
[2025-05-07T03:21:25.635Z] INFO: Lista de vendedores obtenida correctamente
[2025-05-07T03:21:25.636Z] INFO: Consulta de todos los vendedores realizada
[2025-05-07T03:21:27.389Z] INFO: Pedido creado exitosamente - ID: 24, Usuario: 1
[2025-05-07T03:21:27.389Z] INFO: Pedido creado con ID 24 por usuario ID 1
[2025-05-07T03:21:28.422Z] INFO: Historial de pedidos obtenido para usuario ID: 1
[2025-05-07T03:21:28.422Z] INFO: Historial de pedidos consultado por usuario ID 1
[2025-05-07T03:21:30.665Z] INFO: Listado de todas las categorías obtenido
[2025-05-07T03:21:30.683Z] INFO: Consulta de productos disponibles realizada
[2025-05-07T03:21:30.684Z] INFO: Listado de todos los productos disponibles consultado
[2025-05-07T03:21:34.270Z] INFO: Listado de todas las categorías obtenido
[2025-05-07T03:21:47.407Z] INFO: Categoría creada: prueba 7
[2025-05-07T03:21:47.407Z] INFO: Categoría creada desde controlador: prueba 7
[2025-05-07T03:21:47.532Z] INFO: Listado de todas las categorías obtenido
[2025-05-07T03:21:56.874Z] INFO: Inbox generado para usuario ID 1 con 3 conversaciones
[2025-05-07T03:21:56.875Z] INFO: Inbox obtenido para usuario ID: 1
[2025-05-07T03:21:56.903Z] INFO: getAllUsers: 17 usuarios encontrados
[2025-05-07T03:21:56.903Z] INFO: Se obtuvo la lista de todos los usuarios (17)
[2025-05-07T03:21:57.620Z] INFO: Listado de todas las categorías obtenido
[2025-05-07T03:21:57.622Z] INFO: Consulta de productos disponibles realizada
[2025-05-07T03:21:57.623Z] INFO: Listado de todos los productos disponibles consultado
[2025-05-07T03:22:02.452Z] INFO: Inbox generado para usuario ID 1 con 3 conversaciones
[2025-05-07T03:22:02.452Z] INFO: Inbox obtenido para usuario ID: 1
[2025-05-07T03:22:02.478Z] INFO: getAllUsers: 17 usuarios encontrados
[2025-05-07T03:22:02.478Z] INFO: Se obtuvo la lista de todos los usuarios (17)
[2025-05-07T03:22:07.706Z] INFO: Mensajes entre 15 y 1 marcados como leídos
[2025-05-07T03:22:07.710Z] INFO: Conversación entre 15 y 1 consultada
[2025-05-07T03:22:10.021Z] INFO: Inbox generado para usuario ID 1 con 3 conversaciones
[2025-05-07T03:22:10.022Z] INFO: Inbox obtenido para usuario ID: 1
[2025-05-07T03:22:10.069Z] INFO: getAllUsers: 17 usuarios encontrados
[2025-05-07T03:22:10.069Z] INFO: Se obtuvo la lista de todos los usuarios (17)
[2025-05-07T03:22:23.057Z] INFO: Login exitoso para: juanclbici@gmail.com
[2025-05-07T03:22:23.057Z] INFO: Inicio de sesión exitoso para: juanclbici@gmail.com
[2025-05-07T03:22:23.106Z] INFO: Perfil solicitado para el usuario ID: 2
[2025-05-07T03:22:23.107Z] INFO: Perfil consultado para el usuario ID: 2
[2025-05-07T03:22:23.228Z] INFO: Listado de todas las categorías obtenido
[2025-05-07T03:22:23.230Z] INFO: Consulta de productos disponibles realizada
[2025-05-07T03:22:23.231Z] INFO: Listado de todos los productos disponibles consultado
[2025-05-07T03:22:26.270Z] INFO: Perfil solicitado para el usuario ID: 2
[2025-05-07T03:22:26.270Z] INFO: Perfil consultado para el usuario ID: 2
[2025-05-07T03:22:29.845Z] INFO: Listado de todas las categorías obtenido
[2025-05-07T03:22:29.930Z] INFO: Productos del vendedor ID 2 consultados
[2025-05-07T03:22:29.931Z] INFO: Productos del vendedor consultados - ID Vendedor: 2
[2025-05-07T03:22:32.151Z] INFO: Historial de pedidos obtenido para usuario ID: 2
[2025-05-07T03:22:32.151Z] INFO: Historial de pedidos consultado por usuario ID 2
[2025-05-07T03:22:38.177Z] INFO: Listado de todas las categorías obtenido
[2025-05-07T03:22:38.191Z] INFO: Consulta de productos disponibles realizada
[2025-05-07T03:22:38.192Z] INFO: Listado de todos los productos disponibles consultado
[2025-05-07T03:22:40.757Z] INFO: Productos obtenidos por categoría - ID: 2
[2025-05-07T03:22:40.757Z] INFO: Productos consultados por categoría ID: 2
[2025-05-07T03:22:41.831Z] INFO: Inbox generado para usuario ID 2 con 2 conversaciones
[2025-05-07T03:22:41.832Z] INFO: Inbox obtenido para usuario ID: 2
[2025-05-07T03:22:41.857Z] INFO: getAllUsers: 17 usuarios encontrados
[2025-05-07T03:22:41.857Z] INFO: Se obtuvo la lista de todos los usuarios (17)
[2025-05-07T03:22:45.711Z] INFO: Mensajes entre 1 y 2 marcados como leídos
[2025-05-07T03:22:45.716Z] INFO: Conversación entre 1 y 2 consultada
[2025-05-07T03:22:51.719Z] INFO: Mensaje creado en la DB de 2 a 1
[2025-05-07T03:22:51.720Z] INFO: Mensaje enviado de 2 a 1
[2025-05-07T03:22:51.745Z] INFO: Mensajes entre 1 y 2 marcados como leídos
[2025-05-07T03:22:51.747Z] INFO: Conversación entre 1 y 2 consultada
[2025-05-07T03:22:52.999Z] INFO: Inbox generado para usuario ID 2 con 2 conversaciones
[2025-05-07T03:22:53.000Z] INFO: Inbox obtenido para usuario ID: 2
[2025-05-07T03:22:53.051Z] INFO: getAllUsers: 17 usuarios encontrados
[2025-05-07T03:22:53.052Z] INFO: Se obtuvo la lista de todos los usuarios (17)
[2025-05-07T03:22:59.556Z] INFO: Lista de vendedores obtenida correctamente
[2025-05-07T03:22:59.556Z] INFO: Consulta de todos los vendedores realizada
[2025-05-07T03:23:01.621Z] INFO: Consulta de productos disponibles realizada
[2025-05-07T03:23:01.621Z] INFO: Listado de todos los productos disponibles consultado
[2025-05-07T03:23:02.671Z] INFO: Mensajes entre 2 y 2 marcados como leídos
[2025-05-07T03:23:02.674Z] INFO: Conversación entre 2 y 2 consultada
[2025-05-07T03:23:07.478Z] INFO: Consulta de productos disponibles realizada
[2025-05-07T03:23:07.478Z] INFO: Listado de todos los productos disponibles consultado
[2025-05-07T03:23:09.203Z] INFO: Mensajes entre 15 y 2 marcados como leídos
[2025-05-07T03:23:09.209Z] INFO: Conversación entre 15 y 2 consultada
[2025-05-07T03:23:17.025Z] INFO: Mensaje creado en la DB de 2 a 15
[2025-05-07T03:23:17.025Z] INFO: Mensaje enviado de 2 a 15
[2025-05-07T03:23:17.047Z] INFO: Mensajes entre 15 y 2 marcados como leídos
[2025-05-07T03:23:17.049Z] INFO: Conversación entre 15 y 2 consultada
[2025-05-07T03:23:27.736Z] INFO: Perfil solicitado para el usuario ID: 2
[2025-05-07T03:23:27.737Z] INFO: Perfil consultado para el usuario ID: 2
[2025-05-07T03:23:32.208Z] INFO: Pedidos del vendedor ID 2 obtenidos
[2025-05-07T03:23:32.208Z] INFO: Pedidos del vendedor ID 2 consultados
[2025-05-07T03:23:36.968Z] INFO: Pedido confirmado - ID: 24, Vendedor: 2
[2025-05-07T03:23:36.969Z] INFO: Pedido confirmado ID 24 por vendedor ID 2
[2025-05-07T03:23:37.003Z] INFO: Pedidos del vendedor ID 2 obtenidos
[2025-05-07T03:23:37.003Z] INFO: Pedidos del vendedor ID 2 consultados
[2025-05-07T03:23:40.064Z] INFO: Pedido entregado - ID: 24, Vendedor: 2
[2025-05-07T03:23:40.064Z] INFO: Pedido marcado como entregado ID 24 por vendedor ID 2
[2025-05-07T03:23:40.101Z] INFO: Pedidos del vendedor ID 2 obtenidos
[2025-05-07T03:23:40.102Z] INFO: Pedidos del vendedor ID 2 consultados
[2025-05-07T03:23:47.970Z] INFO: Pedido cancelado - ID: 21, Por: vendedor ID 2
[2025-05-07T03:23:47.971Z] INFO: Pedido cancelado ID 21 por usuario ID 2
[2025-05-07T03:23:48.080Z] INFO: Pedidos del vendedor ID 2 obtenidos
[2025-05-07T03:23:48.081Z] INFO: Pedidos del vendedor ID 2 consultados
[2025-05-07T03:23:57.104Z] INFO: Pedido confirmado - ID: 17, Vendedor: 2
[2025-05-07T03:23:57.104Z] INFO: Pedido confirmado ID 17 por vendedor ID 2
[2025-05-07T03:23:57.138Z] INFO: Pedidos del vendedor ID 2 obtenidos
[2025-05-07T03:23:57.138Z] INFO: Pedidos del vendedor ID 2 consultados
[2025-05-07T03:23:58.713Z] INFO: Pedido entregado - ID: 17, Vendedor: 2
[2025-05-07T03:23:58.713Z] INFO: Pedido marcado como entregado ID 17 por vendedor ID 2
[2025-05-07T03:23:58.773Z] INFO: Pedidos del vendedor ID 2 obtenidos
[2025-05-07T03:23:58.773Z] INFO: Pedidos del vendedor ID 2 consultados
[2025-05-07T03:24:33.422Z] INFO: Listado de todas las categorías obtenido
[2025-05-07T03:24:33.495Z] INFO: Productos del vendedor ID 2 consultados
[2025-05-07T03:24:33.496Z] INFO: Productos del vendedor consultados - ID Vendedor: 2
[2025-05-07T03:24:47.256Z] INFO: Producto actualizado - ID: 11
[2025-05-07T03:24:47.258Z] INFO: Producto actualizado - ID: 11
[2025-05-07T03:24:47.361Z] INFO: Productos del vendedor ID 2 consultados
[2025-05-07T03:24:47.361Z] INFO: Productos del vendedor consultados - ID Vendedor: 2
[2025-05-07T03:24:53.399Z] INFO: Consulta de productos disponibles realizada
[2025-05-07T03:24:53.400Z] INFO: Listado de todos los productos disponibles consultado
[2025-05-07T03:24:53.404Z] INFO: Listado de todas las categorías obtenido
[2025-05-07T03:25:00.255Z] INFO: Productos obtenidos por categoría - ID: 7
[2025-05-07T03:25:00.255Z] INFO: Productos consultados por categoría ID: 7
[2025-05-07T03:25:03.386Z] INFO: Listado de todas las categorías obtenido
[2025-05-07T03:25:03.520Z] INFO: Productos del vendedor ID 2 consultados
[2025-05-07T03:25:03.521Z] INFO: Productos del vendedor consultados - ID Vendedor: 2
[2025-05-07T03:25:07.087Z] INFO: Producto eliminado - ID: 11
[2025-05-07T03:25:07.087Z] INFO: Producto eliminado - ID: 11, por Usuario ID: 2
[2025-05-07T03:25:07.108Z] INFO: Productos del vendedor ID 2 consultados
[2025-05-07T03:25:07.108Z] INFO: Productos del vendedor consultados - ID Vendedor: 2
[2025-05-07T03:25:12.462Z] INFO: Productos obtenidos por categoría - ID: 6
[2025-05-07T03:25:12.462Z] INFO: Productos consultados por categoría ID: 6
[2025-05-07T03:25:13.413Z] INFO: Productos obtenidos por categoría - ID: 7
[2025-05-07T03:25:13.414Z] INFO: Productos consultados por categoría ID: 7
[2025-05-07T03:25:15.072Z] INFO: Productos obtenidos por categoría - ID: 5
[2025-05-07T03:25:15.073Z] INFO: Productos consultados por categoría ID: 5
[2025-05-07T03:25:16.647Z] INFO: Consulta de productos disponibles realizada
[2025-05-07T03:25:16.648Z] INFO: Listado de todos los productos disponibles consultado
[2025-05-07T03:25:19.454Z] INFO: Listado de todas las categorías obtenido
[2025-05-07T03:25:19.506Z] INFO: Productos del vendedor ID 2 consultados
[2025-05-07T03:25:19.506Z] INFO: Productos del vendedor consultados - ID Vendedor: 2
[2025-05-07T03:25:39.061Z] INFO: Producto creado: prueba 72, Vendedor ID: 2
[2025-05-07T03:25:39.061Z] INFO: Producto creado por usuario ID 2 - ID: 12
[2025-05-07T03:25:39.079Z] INFO: Productos del vendedor ID 2 consultados
[2025-05-07T03:25:39.080Z] INFO: Productos del vendedor consultados - ID Vendedor: 2
[2025-05-07T03:26:32.956Z] INFO: Productos obtenidos por categoría - ID: 2
[2025-05-07T03:26:32.956Z] INFO: Productos consultados por categoría ID: 2
[2025-05-07T03:26:34.521Z] INFO: Productos obtenidos por categoría - ID: 1
[2025-05-07T03:26:34.522Z] INFO: Productos consultados por categoría ID: 1
[2025-05-07T03:26:36.872Z] INFO: Productos obtenidos por categoría - ID: 7
[2025-05-07T03:26:36.873Z] INFO: Productos consultados por categoría ID: 7
[2025-05-07T03:26:40.916Z] INFO: Listado de todas las categorías obtenido
[2025-05-07T03:26:40.976Z] INFO: Productos del vendedor ID 2 consultados
[2025-05-07T03:26:40.977Z] INFO: Productos del vendedor consultados - ID Vendedor: 2
[2025-05-07T03:26:45.944Z] INFO: Producto actualizado - ID: 12
[2025-05-07T03:26:45.946Z] INFO: Producto actualizado - ID: 12
[2025-05-07T03:26:45.979Z] INFO: Productos del vendedor ID 2 consultados
[2025-05-07T03:26:45.980Z] INFO: Productos del vendedor consultados - ID Vendedor: 2
[2025-05-07T03:26:49.122Z] INFO: Productos obtenidos por categoría - ID: 5
[2025-05-07T03:26:49.123Z] INFO: Productos consultados por categoría ID: 5
[2025-05-07T03:26:49.732Z] INFO: Productos obtenidos por categoría - ID: 7
[2025-05-07T03:26:49.732Z] INFO: Productos consultados por categoría ID: 7
[2025-05-07T03:26:54.838Z] INFO: Listado de todas las categorías obtenido
[2025-05-07T03:26:54.858Z] INFO: Productos del vendedor ID 2 consultados
[2025-05-07T03:26:54.859Z] INFO: Productos del vendedor consultados - ID Vendedor: 2
[2025-05-07T03:26:59.504Z] INFO: Producto actualizado - ID: 12
[2025-05-07T03:26:59.506Z] INFO: Producto actualizado - ID: 12
[2025-05-07T03:26:59.569Z] INFO: Productos del vendedor ID 2 consultados
[2025-05-07T03:26:59.569Z] INFO: Productos del vendedor consultados - ID Vendedor: 2
[2025-05-07T03:27:05.312Z] INFO: Productos obtenidos por categoría - ID: 7
[2025-05-07T03:27:05.312Z] INFO: Productos consultados por categoría ID: 7
[2025-05-07T03:27:21.215Z] INFO: Lista de vendedores obtenida correctamente
[2025-05-07T03:27:21.215Z] INFO: Consulta de todos los vendedores realizada
[2025-05-07T03:27:26.825Z] INFO: Lista de vendedores obtenida correctamente
[2025-05-07T03:27:26.825Z] INFO: Consulta de todos los vendedores realizada
[2025-05-07T03:27:28.005Z] INFO: Inbox generado para usuario ID 2 con 3 conversaciones
[2025-05-07T03:27:28.005Z] INFO: Inbox obtenido para usuario ID: 2
[2025-05-07T03:27:28.075Z] INFO: getAllUsers: 17 usuarios encontrados
[2025-05-07T03:27:28.076Z] INFO: Se obtuvo la lista de todos los usuarios (17)
[2025-05-07T03:27:34.869Z] INFO: Historial de pedidos obtenido para usuario ID: 2
[2025-05-07T03:27:34.870Z] INFO: Historial de pedidos consultado por usuario ID 2
[2025-05-07T03:28:53.806Z] INFO: Listado de todas las categorías obtenido
[2025-05-07T03:28:53.810Z] INFO: Consulta de productos disponibles realizada
[2025-05-07T03:28:53.811Z] INFO: Listado de todos los productos disponibles consultado
[2025-05-07T03:29:16.226Z] INFO: Login exitoso para: juan.lopez4572@alumnos.udg.mx
[2025-05-07T03:29:16.226Z] INFO: Inicio de sesión exitoso para: juan.lopez4572@alumnos.udg.mx
[2025-05-07T03:29:16.275Z] INFO: Perfil solicitado para el usuario ID: 1
[2025-05-07T03:29:16.275Z] INFO: Perfil consultado para el usuario ID: 1
[2025-05-07T03:29:16.353Z] INFO: Listado de todas las categorías obtenido
[2025-05-07T03:29:16.362Z] INFO: Consulta de productos disponibles realizada
[2025-05-07T03:29:16.362Z] INFO: Listado de todos los productos disponibles consultado
[2025-05-07T03:29:18.010Z] INFO: Inbox generado para usuario ID 1 con 3 conversaciones
[2025-05-07T03:29:18.010Z] INFO: Inbox obtenido para usuario ID: 1
[2025-05-07T03:29:18.042Z] INFO: getAllUsers: 17 usuarios encontrados
[2025-05-07T03:29:18.042Z] INFO: Se obtuvo la lista de todos los usuarios (17)
[2025-05-07T03:29:19.559Z] INFO: Mensajes entre 2 y 1 marcados como leídos
[2025-05-07T03:29:19.564Z] INFO: Conversación entre 2 y 1 consultada
[2025-05-07T03:29:24.316Z] INFO: Mensaje creado en la DB de 1 a 2
[2025-05-07T03:29:24.316Z] INFO: Mensaje enviado de 1 a 2
[2025-05-07T03:29:24.338Z] INFO: Mensajes entre 2 y 1 marcados como leídos
[2025-05-07T03:29:24.341Z] INFO: Conversación entre 2 y 1 consultada
[2025-05-07T03:29:25.605Z] INFO: Inbox generado para usuario ID 1 con 3 conversaciones
[2025-05-07T03:29:25.605Z] INFO: Inbox obtenido para usuario ID: 1
[2025-05-07T03:29:25.647Z] INFO: getAllUsers: 17 usuarios encontrados
[2025-05-07T03:29:25.647Z] INFO: Se obtuvo la lista de todos los usuarios (17)
[2025-05-07T03:29:33.615Z] INFO: Lista de vendedores obtenida correctamente
[2025-05-07T03:29:33.616Z] INFO: Consulta de todos los vendedores realizada
[2025-05-07T03:29:34.832Z] INFO: Historial de pedidos obtenido para usuario ID: 1
[2025-05-07T03:29:34.833Z] INFO: Historial de pedidos consultado por usuario ID 1
[2025-05-07T03:29:45.352Z] INFO: Listado de todas las categorías obtenido
[2025-05-07T03:29:45.361Z] INFO: Consulta de productos disponibles realizada
[2025-05-07T03:29:45.361Z] INFO: Listado de todos los productos disponibles consultado
[2025-05-07T03:30:13.332Z] INFO: Lista de vendedores obtenida correctamente
[2025-05-07T03:30:13.332Z] INFO: Consulta de todos los vendedores realizada
[2025-05-07T03:34:31.559Z] INFO: Listado de todas las categorías obtenido
[2025-05-07T03:34:31.563Z] INFO: Consulta de productos disponibles realizada
[2025-05-07T03:34:31.564Z] INFO: Listado de todos los productos disponibles consultado
[2025-05-07T03:34:33.933Z] INFO: Perfil solicitado para el usuario ID: 1
[2025-05-07T03:34:33.933Z] INFO: Perfil consultado para el usuario ID: 1
[2025-05-07T03:34:34.824Z] INFO: Perfil solicitado para el usuario ID: 1
[2025-05-07T03:34:34.824Z] INFO: Perfil consultado para el usuario ID: 1
[2025-05-07T03:34:36.147Z] INFO: Lista de vendedores obtenida correctamente
[2025-05-07T03:34:36.148Z] INFO: Consulta de todos los vendedores realizada
[2025-05-07T03:34:39.706Z] INFO: Pedido creado exitosamente - ID: 25, Usuario: 1
[2025-05-07T03:34:39.706Z] INFO: Pedido creado con ID 25 por usuario ID 1
[2025-05-07T03:34:40.755Z] INFO: Historial de pedidos obtenido para usuario ID: 1
[2025-05-07T03:34:40.756Z] INFO: Historial de pedidos consultado por usuario ID 1
[2025-05-07T03:36:15.389Z] INFO: Inbox generado para usuario ID 1 con 3 conversaciones
[2025-05-07T03:36:15.390Z] INFO: Inbox obtenido para usuario ID: 1
[2025-05-07T03:36:15.417Z] INFO: getAllUsers: 17 usuarios encontrados
[2025-05-07T03:36:15.418Z] INFO: Se obtuvo la lista de todos los usuarios (17)
[2025-05-07T03:36:18.346Z] INFO: Lista de vendedores obtenida correctamente
[2025-05-07T03:36:18.347Z] INFO: Consulta de todos los vendedores realizada
[2025-05-07T03:36:20.282Z] INFO: Historial de pedidos obtenido para usuario ID: 1
[2025-05-07T03:36:20.283Z] INFO: Historial de pedidos consultado por usuario ID 1
[2025-05-07T03:52:47.159Z] INFO: Mensajes entre 2 y 1 marcados como leídos
[2025-05-07T03:52:47.169Z] INFO: Conversación entre 2 y 1 consultada
[2025-05-07T03:53:00.076Z] INFO: Mensaje creado en la DB de 1 a 2
[2025-05-07T03:53:00.076Z] INFO: Mensaje enviado de 1 a 2
[2025-05-07T03:53:00.121Z] INFO: Mensajes entre 2 y 1 marcados como leídos
[2025-05-07T03:53:00.123Z] INFO: Conversación entre 2 y 1 consultada
[2025-05-07T03:53:03.647Z] INFO: Inbox generado para usuario ID 1 con 3 conversaciones
[2025-05-07T03:53:03.647Z] INFO: Inbox obtenido para usuario ID: 1
[2025-05-07T03:53:03.717Z] INFO: getAllUsers: 17 usuarios encontrados
[2025-05-07T03:53:03.719Z] INFO: Se obtuvo la lista de todos los usuarios (17)
[2025-05-07T03:53:06.540Z] INFO: Mensajes entre 2 y 1 marcados como leídos
[2025-05-07T03:53:06.545Z] INFO: Conversación entre 2 y 1 consultada
[2025-05-07T03:53:08.842Z] INFO: Inbox generado para usuario ID 1 con 3 conversaciones
[2025-05-07T03:53:08.842Z] INFO: Inbox obtenido para usuario ID: 1
[2025-05-07T03:53:08.894Z] INFO: getAllUsers: 17 usuarios encontrados
[2025-05-07T03:53:08.894Z] INFO: Se obtuvo la lista de todos los usuarios (17)
[2025-05-07T03:53:47.758Z] INFO: Historial de pedidos obtenido para usuario ID: 1
[2025-05-07T03:53:47.758Z] INFO: Historial de pedidos consultado por usuario ID 1
[2025-05-07T03:54:49.811Z] INFO: Login exitoso para: juanclbici@gmail.com
[2025-05-07T03:54:49.812Z] INFO: Inicio de sesión exitoso para: juanclbici@gmail.com
[2025-05-07T03:54:49.862Z] INFO: Perfil solicitado para el usuario ID: 2
[2025-05-07T03:54:49.862Z] INFO: Perfil consultado para el usuario ID: 2
[2025-05-07T03:54:50.021Z] INFO: Listado de todas las categorías obtenido
[2025-05-07T03:54:50.027Z] INFO: Consulta de productos disponibles realizada
[2025-05-07T03:54:50.027Z] INFO: Listado de todos los productos disponibles consultado
[2025-05-07T03:54:52.477Z] INFO: Listado de todas las categorías obtenido
[2025-05-07T03:54:52.537Z] INFO: Productos del vendedor ID 2 consultados
[2025-05-07T03:54:52.540Z] INFO: Productos del vendedor consultados - ID Vendedor: 2
[2025-05-07T03:54:56.787Z] INFO: Pedidos del vendedor ID 2 obtenidos
[2025-05-07T03:54:56.787Z] INFO: Pedidos del vendedor ID 2 consultados
[2025-05-07T03:57:28.320Z] INFO: Mensajes entre 1 y 2 marcados como leídos
[2025-05-07T03:57:28.323Z] INFO: Conversación entre 1 y 2 consultada
[2025-05-07T03:57:43.418Z] INFO: Mensaje creado en la DB de 2 a 1
[2025-05-07T03:57:43.418Z] INFO: Mensaje enviado de 2 a 1
[2025-05-07T03:57:43.514Z] INFO: Mensajes entre 1 y 2 marcados como leídos
[2025-05-07T03:57:43.517Z] INFO: Conversación entre 1 y 2 consultada
[2025-05-07T03:57:46.424Z] INFO: Inbox generado para usuario ID 2 con 3 conversaciones
[2025-05-07T03:57:46.424Z] INFO: Inbox obtenido para usuario ID: 2
[2025-05-07T03:57:46.491Z] INFO: getAllUsers: 17 usuarios encontrados
[2025-05-07T03:57:46.491Z] INFO: Se obtuvo la lista de todos los usuarios (17)
[2025-05-07T03:57:58.486Z] INFO: Listado de todas las categorías obtenido
[2025-05-07T03:57:58.490Z] INFO: Consulta de productos disponibles realizada
[2025-05-07T03:57:58.490Z] INFO: Listado de todos los productos disponibles consultado
[2025-05-07T03:58:03.376Z] INFO: Pedidos del vendedor ID 2 obtenidos
[2025-05-07T03:58:03.377Z] INFO: Pedidos del vendedor ID 2 consultados
[2025-05-07T04:00:55.591Z] INFO: Solicitud de reseteo de contraseña para: juan.lopez4572@alumnos.udg.mx
[2025-05-07T04:00:55.597Z] INFO: Solicitud de reset para: juan.lopez4572@alumnos.udg.mx
[2025-05-07T04:00:55.682Z] INFO: Código de recuperación generado para juan.lopez4572@alumnos.udg.mx: 93813
[2025-05-07T04:00:57.134Z] INFO: Correo de recuperación enviado a: juan.lopez4572@alumnos.udg.mx
[2025-05-07T04:01:43.862Z] INFO: Validando código de reseteo para: juan.lopez4572@alumnos.udg.mx
[2025-05-07T04:01:43.865Z] INFO: Validando código de reseteo para juan.lopez4572@alumnos.udg.mx
[2025-05-07T04:01:43.998Z] INFO: Contraseña actualizada para: juan.lopez4572@alumnos.udg.mx
[2025-05-07T04:01:45.063Z] INFO: Correo de confirmación de contraseña enviado a: juan.lopez4572@alumnos.udg.mx
[2025-05-07T04:01:56.654Z] INFO: Login exitoso para: juan.lopez4572@alumnos.udg.mx
[2025-05-07T04:01:56.654Z] INFO: Inicio de sesión exitoso para: juan.lopez4572@alumnos.udg.mx
[2025-05-07T04:01:56.702Z] INFO: Perfil solicitado para el usuario ID: 1
[2025-05-07T04:01:56.702Z] INFO: Perfil consultado para el usuario ID: 1
[2025-05-07T04:01:56.879Z] INFO: Listado de todas las categorías obtenido
[2025-05-07T04:01:56.886Z] INFO: Consulta de productos disponibles realizada
[2025-05-07T04:01:56.886Z] INFO: Listado de todos los productos disponibles consultado
[2025-05-07T04:02:50.737Z] INFO: Intento de registro para pruebabuyer@gmail.com
[2025-05-07T04:02:50.740Z] INFO: Intento de registro para pruebabuyer@gmail.com
[2025-05-07T04:02:50.832Z] INFO: Usuario creado exitosamente: pruebabuyer@gmail.com
[2025-05-07T04:02:50.834Z] INFO: Token generado para: pruebabuyer@gmail.com
[2025-05-07T04:02:50.834Z] INFO: Usuario registrado exitosamente: pruebabuyer@gmail.com
[2025-05-07T04:02:50.875Z] INFO: Perfil solicitado para el usuario ID: 18
[2025-05-07T04:02:50.876Z] INFO: Perfil consultado para el usuario ID: 18
[2025-05-07T04:02:51.076Z] INFO: Listado de todas las categorías obtenido
[2025-05-07T04:02:51.079Z] INFO: Consulta de productos disponibles realizada
[2025-05-07T04:02:51.079Z] INFO: Listado de todos los productos disponibles consultado
[2025-05-07T04:02:54.710Z] INFO: Perfil solicitado para el usuario ID: 18
[2025-05-07T04:02:54.710Z] INFO: Perfil consultado para el usuario ID: 18
[2025-05-07T04:03:38.369Z] INFO: Intento de registro para pruebaseller@gmail.com
[2025-05-07T04:03:38.370Z] INFO: Intento de registro para pruebaseller@gmail.com
[2025-05-07T04:03:38.470Z] INFO: Usuario creado exitosamente: pruebaseller@gmail.com
[2025-05-07T04:03:38.471Z] INFO: Token generado para: pruebaseller@gmail.com
[2025-05-07T04:03:38.472Z] INFO: Usuario registrado exitosamente: pruebaseller@gmail.com
[2025-05-07T04:03:38.515Z] INFO: Perfil solicitado para el usuario ID: 19
[2025-05-07T04:03:38.515Z] INFO: Perfil consultado para el usuario ID: 19
[2025-05-07T04:03:38.692Z] INFO: Listado de todas las categorías obtenido
[2025-05-07T04:03:38.696Z] INFO: Consulta de productos disponibles realizada
[2025-05-07T04:03:38.697Z] INFO: Listado de todos los productos disponibles consultado
[2025-05-07T04:03:44.390Z] INFO: Perfil solicitado para el usuario ID: 19
[2025-05-07T04:03:44.391Z] INFO: Perfil consultado para el usuario ID: 19
[2025-05-07T04:05:00.883Z] INFO: Login exitoso para: pruebabuyer@gmail.com
[2025-05-07T04:05:00.883Z] INFO: Inicio de sesión exitoso para: pruebabuyer@gmail.com
[2025-05-07T04:05:00.998Z] INFO: Perfil solicitado para el usuario ID: 18
[2025-05-07T04:05:00.998Z] INFO: Perfil consultado para el usuario ID: 18
[2025-05-07T04:05:01.198Z] INFO: Listado de todas las categorías obtenido
[2025-05-07T04:05:01.203Z] INFO: Consulta de productos disponibles realizada
[2025-05-07T04:05:01.204Z] INFO: Listado de todos los productos disponibles consultado
[2025-05-07T04:05:06.591Z] INFO: Productos obtenidos por categoría - ID: 2
[2025-05-07T04:05:06.592Z] INFO: Productos consultados por categoría ID: 2
[2025-05-07T04:05:07.513Z] INFO: Productos obtenidos por categoría - ID: 1
[2025-05-07T04:05:07.514Z] INFO: Productos consultados por categoría ID: 1
[2025-05-07T04:05:08.323Z] INFO: Productos obtenidos por categoría - ID: 4
[2025-05-07T04:05:08.323Z] INFO: Productos consultados por categoría ID: 4
[2025-05-07T04:05:10.472Z] INFO: Productos obtenidos por categoría - ID: 1
[2025-05-07T04:05:10.473Z] INFO: Productos consultados por categoría ID: 1
[2025-05-07T04:05:11.609Z] INFO: Perfil solicitado para el usuario ID: 18
[2025-05-07T04:05:11.610Z] INFO: Perfil consultado para el usuario ID: 18
[2025-05-07T04:05:13.107Z] INFO: Perfil solicitado para el usuario ID: 18
[2025-05-07T04:05:13.108Z] INFO: Perfil consultado para el usuario ID: 18
[2025-05-07T04:05:15.325Z] INFO: Lista de vendedores obtenida correctamente
[2025-05-07T04:05:15.326Z] INFO: Consulta de todos los vendedores realizada
[2025-05-07T04:05:17.926Z] INFO: Inbox generado para usuario ID 18 con 0 conversaciones
[2025-05-07T04:05:17.927Z] INFO: Inbox obtenido para usuario ID: 18
[2025-05-07T04:05:17.989Z] INFO: getAllUsers: 19 usuarios encontrados
[2025-05-07T04:05:17.989Z] INFO: Se obtuvo la lista de todos los usuarios (19)
[2025-05-07T04:05:19.149Z] INFO: Lista de vendedores obtenida correctamente
[2025-05-07T04:05:19.149Z] INFO: Consulta de todos los vendedores realizada
[2025-05-07T04:05:20.270Z] INFO: Pedido creado exitosamente - ID: 26, Usuario: 18
[2025-05-07T04:05:20.271Z] INFO: Pedido creado con ID 26 por usuario ID 18
[2025-05-07T04:05:21.732Z] INFO: Historial de pedidos obtenido para usuario ID: 18
[2025-05-07T04:05:21.733Z] INFO: Historial de pedidos consultado por usuario ID 18
[2025-05-07T04:05:25.177Z] INFO: Listado de todas las categorías obtenido
[2025-05-07T04:05:25.181Z] INFO: Consulta de productos disponibles realizada
[2025-05-07T04:05:25.181Z] INFO: Listado de todos los productos disponibles consultado
[2025-05-07T04:05:27.553Z] INFO: Perfil solicitado para el usuario ID: 18
[2025-05-07T04:05:27.553Z] INFO: Perfil consultado para el usuario ID: 18
[2025-05-07T04:05:28.788Z] INFO: Lista de vendedores obtenida correctamente
[2025-05-07T04:05:28.789Z] INFO: Consulta de todos los vendedores realizada
[2025-05-07T04:05:29.956Z] INFO: Pedido creado exitosamente - ID: 27, Usuario: 18
[2025-05-07T04:05:29.956Z] INFO: Pedido creado con ID 27 por usuario ID 18
[2025-05-07T04:05:31.116Z] INFO: Historial de pedidos obtenido para usuario ID: 18
[2025-05-07T04:05:31.117Z] INFO: Historial de pedidos consultado por usuario ID 18
[2025-05-07T04:05:36.057Z] INFO: Pedido cancelado - ID: 27, Por: usuario ID 18
[2025-05-07T04:05:36.058Z] INFO: Pedido cancelado ID 27 por usuario ID 18
[2025-05-07T04:05:36.086Z] INFO: Historial de pedidos obtenido para usuario ID: 18
[2025-05-07T04:05:36.087Z] INFO: Historial de pedidos consultado por usuario ID 18
[2025-05-07T04:05:41.993Z] INFO: Mensajes entre 2 y 18 marcados como leídos
[2025-05-07T04:05:41.996Z] INFO: Conversación entre 2 y 18 consultada
[2025-05-07T04:05:46.518Z] INFO: Mensaje creado en la DB de 18 a 2
[2025-05-07T04:05:46.519Z] INFO: Mensaje enviado de 18 a 2
[2025-05-07T04:05:46.547Z] INFO: Mensajes entre 2 y 18 marcados como leídos
[2025-05-07T04:05:46.549Z] INFO: Conversación entre 2 y 18 consultada
[2025-05-07T04:05:49.593Z] INFO: Inbox generado para usuario ID 18 con 1 conversaciones
[2025-05-07T04:05:49.593Z] INFO: Inbox obtenido para usuario ID: 18
[2025-05-07T04:05:49.640Z] INFO: getAllUsers: 19 usuarios encontrados
[2025-05-07T04:05:49.641Z] INFO: Se obtuvo la lista de todos los usuarios (19)
[2025-05-07T04:05:51.531Z] INFO: Mensajes entre 2 y 18 marcados como leídos
[2025-05-07T04:05:51.535Z] INFO: Conversación entre 2 y 18 consultada
[2025-05-07T04:05:53.104Z] INFO: Inbox generado para usuario ID 18 con 1 conversaciones
[2025-05-07T04:05:53.104Z] INFO: Inbox obtenido para usuario ID: 18
[2025-05-07T04:05:53.146Z] INFO: getAllUsers: 19 usuarios encontrados
[2025-05-07T04:05:53.146Z] INFO: Se obtuvo la lista de todos los usuarios (19)
[2025-05-07T04:06:06.848Z] INFO: Perfil solicitado para el usuario ID: 18
[2025-05-07T04:06:06.848Z] INFO: Perfil consultado para el usuario ID: 18
[2025-05-07T04:06:08.551Z] INFO: Listado de todas las categorías obtenido
[2025-05-07T04:06:08.623Z] INFO: Consulta de productos disponibles realizada
[2025-05-07T04:06:08.623Z] INFO: Listado de todos los productos disponibles consultado
[2025-05-07T04:06:18.899Z] INFO: Perfil solicitado para el usuario ID: 18
[2025-05-07T04:06:18.899Z] INFO: Perfil consultado para el usuario ID: 18
[2025-05-07T04:06:25.192Z] INFO: Lista de vendedores obtenida correctamente
[2025-05-07T04:06:25.193Z] INFO: Consulta de todos los vendedores realizada
[2025-05-07T04:06:28.678Z] INFO: Consulta de productos disponibles realizada
[2025-05-07T04:06:28.679Z] INFO: Listado de todos los productos disponibles consultado
[2025-05-07T04:06:31.196Z] INFO: Consulta de productos disponibles realizada
[2025-05-07T04:06:31.197Z] INFO: Listado de todos los productos disponibles consultado
[2025-05-07T04:06:34.339Z] INFO: Mensajes entre 2 y 18 marcados como leídos
[2025-05-07T04:06:34.343Z] INFO: Conversación entre 2 y 18 consultada
[2025-05-07T04:06:39.858Z] INFO: Perfil solicitado para el usuario ID: 18
[2025-05-07T04:06:39.858Z] INFO: Perfil consultado para el usuario ID: 18
[2025-05-07T04:06:46.472Z] INFO: Lista de vendedores obtenida correctamente
[2025-05-07T04:06:46.473Z] INFO: Consulta de todos los vendedores realizada
[2025-05-07T04:06:53.442Z] INFO: Pedido creado exitosamente - ID: 28, Usuario: 18
[2025-05-07T04:06:53.443Z] INFO: Pedido creado con ID 28 por usuario ID 18
[2025-05-07T04:06:55.355Z] INFO: Listado de todas las categorías obtenido
[2025-05-07T04:06:55.360Z] INFO: Consulta de productos disponibles realizada
[2025-05-07T04:06:55.360Z] INFO: Listado de todos los productos disponibles consultado
[2025-05-07T04:06:58.683Z] INFO: Perfil solicitado para el usuario ID: 18
[2025-05-07T04:06:58.684Z] INFO: Perfil consultado para el usuario ID: 18
[2025-05-07T04:06:59.457Z] INFO: Lista de vendedores obtenida correctamente
[2025-05-07T04:06:59.457Z] INFO: Consulta de todos los vendedores realizada
[2025-05-07T04:07:01.108Z] INFO: Pedido creado exitosamente - ID: 29, Usuario: 18
[2025-05-07T04:07:01.108Z] INFO: Pedido creado con ID 29 por usuario ID 18
[2025-05-07T04:07:02.649Z] INFO: Historial de pedidos obtenido para usuario ID: 18
[2025-05-07T04:07:02.650Z] INFO: Historial de pedidos consultado por usuario ID 18
[2025-05-07T04:07:36.197Z] INFO: Perfil solicitado para el usuario ID: 18
[2025-05-07T04:07:36.197Z] INFO: Perfil consultado para el usuario ID: 18
[2025-05-07T04:07:36.987Z] INFO: Listado de todas las categorías obtenido
[2025-05-07T04:07:36.998Z] INFO: Consulta de productos disponibles realizada
[2025-05-07T04:07:36.998Z] INFO: Listado de todos los productos disponibles consultado
[2025-05-07T04:07:48.552Z] INFO: Historial de pedidos obtenido para usuario ID: 18
[2025-05-07T04:07:48.553Z] INFO: Historial de pedidos consultado por usuario ID 18
[2025-05-07T04:08:34.035Z] INFO: Login exitoso para: pruebabuyer@gmail.com
[2025-05-07T04:08:34.036Z] INFO: Inicio de sesión exitoso para: pruebabuyer@gmail.com
[2025-05-07T04:08:34.092Z] INFO: Perfil solicitado para el usuario ID: 18
[2025-05-07T04:08:34.092Z] INFO: Perfil consultado para el usuario ID: 18
[2025-05-07T04:08:34.303Z] INFO: Consulta de productos disponibles realizada
[2025-05-07T04:08:34.304Z] INFO: Listado de todos los productos disponibles consultado
[2025-05-07T04:08:34.508Z] INFO: Listado de todas las categorías obtenido
[2025-05-07T04:08:40.955Z] INFO: Lista de vendedores obtenida correctamente
[2025-05-07T04:08:40.955Z] INFO: Consulta de todos los vendedores realizada
[2025-05-07T04:08:42.392Z] INFO: Historial de pedidos obtenido para usuario ID: 18
[2025-05-07T04:08:42.393Z] INFO: Historial de pedidos consultado por usuario ID 18
[2025-05-07T04:08:51.432Z] INFO: Listado de todas las categorías obtenido
[2025-05-07T04:08:51.435Z] INFO: Consulta de productos disponibles realizada
[2025-05-07T04:08:51.435Z] INFO: Listado de todos los productos disponibles consultado
[2025-05-07T04:08:55.162Z] INFO: Perfil solicitado para el usuario ID: 18
[2025-05-07T04:08:55.163Z] INFO: Perfil consultado para el usuario ID: 18
[2025-05-07T04:08:56.375Z] INFO: Lista de vendedores obtenida correctamente
[2025-05-07T04:08:56.376Z] INFO: Consulta de todos los vendedores realizada
[2025-05-07T04:08:58.760Z] INFO: Pedido creado exitosamente - ID: 30, Usuario: 18
[2025-05-07T04:08:58.761Z] INFO: Pedido creado con ID 30 por usuario ID 18
[2025-05-07T04:09:00.013Z] INFO: Historial de pedidos obtenido para usuario ID: 18
[2025-05-07T04:09:00.013Z] INFO: Historial de pedidos consultado por usuario ID 18
[2025-05-07T04:09:02.848Z] INFO: Mensajes entre 2 y 18 marcados como leídos
[2025-05-07T04:09:02.849Z] INFO: Conversación entre 2 y 18 consultada
[2025-05-07T04:09:08.010Z] INFO: Mensaje creado en la DB de 18 a 2
[2025-05-07T04:09:08.011Z] INFO: Mensaje enviado de 18 a 2
[2025-05-07T04:09:08.048Z] INFO: Mensajes entre 2 y 18 marcados como leídos
[2025-05-07T04:09:08.050Z] INFO: Conversación entre 2 y 18 consultada
[2025-05-07T04:09:12.945Z] INFO: Mensajes entre 2 y 18 marcados como leídos
[2025-05-07T04:09:12.947Z] INFO: Conversación entre 2 y 18 consultada
[2025-05-07T04:09:17.451Z] INFO: Mensaje creado en la DB de 18 a 2
[2025-05-07T04:09:17.452Z] INFO: Mensaje enviado de 18 a 2
[2025-05-07T04:09:17.488Z] INFO: Mensajes entre 2 y 18 marcados como leídos
[2025-05-07T04:09:17.492Z] INFO: Conversación entre 2 y 18 consultada
[2025-05-07T04:09:19.849Z] INFO: Inbox generado para usuario ID 18 con 1 conversaciones
[2025-05-07T04:09:19.849Z] INFO: Inbox obtenido para usuario ID: 18
[2025-05-07T04:09:20.339Z] INFO: getAllUsers: 19 usuarios encontrados
[2025-05-07T04:09:20.339Z] INFO: Se obtuvo la lista de todos los usuarios (19)
[2025-05-07T04:09:22.159Z] INFO: Mensajes entre 2 y 18 marcados como leídos
[2025-05-07T04:09:22.164Z] INFO: Conversación entre 2 y 18 consultada
[2025-05-07T04:09:24.127Z] INFO: Inbox generado para usuario ID 18 con 1 conversaciones
[2025-05-07T04:09:24.128Z] INFO: Inbox obtenido para usuario ID: 18
[2025-05-07T04:09:24.174Z] INFO: getAllUsers: 19 usuarios encontrados
[2025-05-07T04:09:24.174Z] INFO: Se obtuvo la lista de todos los usuarios (19)
[2025-05-07T04:09:26.450Z] INFO: Lista de vendedores obtenida correctamente
[2025-05-07T04:09:26.450Z] INFO: Consulta de todos los vendedores realizada
[2025-05-07T04:09:28.116Z] INFO: Consulta de productos disponibles realizada
[2025-05-07T04:09:28.116Z] INFO: Listado de todos los productos disponibles consultado
[2025-05-07T04:09:32.227Z] INFO: Consulta de productos disponibles realizada
[2025-05-07T04:09:32.228Z] INFO: Listado de todos los productos disponibles consultado
[2025-05-07T04:09:34.343Z] INFO: Consulta de productos disponibles realizada
[2025-05-07T04:09:34.343Z] INFO: Listado de todos los productos disponibles consultado
[2025-05-07T04:09:39.963Z] INFO: Perfil solicitado para el usuario ID: 18
[2025-05-07T04:09:39.964Z] INFO: Perfil consultado para el usuario ID: 18
[2025-05-07T04:09:43.310Z] INFO: Lista de vendedores obtenida correctamente
[2025-05-07T04:09:43.311Z] INFO: Consulta de todos los vendedores realizada
[2025-05-07T04:09:45.088Z] INFO: Pedido creado exitosamente - ID: 31, Usuario: 18
[2025-05-07T04:09:45.088Z] INFO: Pedido creado con ID 31 por usuario ID 18
[2025-05-07T04:09:46.873Z] INFO: Historial de pedidos obtenido para usuario ID: 18
[2025-05-07T04:09:46.873Z] INFO: Historial de pedidos consultado por usuario ID 18
[2025-05-07T04:09:49.786Z] INFO: Mensajes entre 2 y 18 marcados como leídos
[2025-05-07T04:09:49.791Z] INFO: Conversación entre 2 y 18 consultada
[2025-05-07T04:09:51.936Z] INFO: Mensajes entre 2 y 18 marcados como leídos
[2025-05-07T04:09:51.942Z] INFO: Conversación entre 2 y 18 consultada
[2025-05-07T04:09:59.332Z] INFO: Perfil solicitado para el usuario ID: 18
[2025-05-07T04:09:59.333Z] INFO: Perfil consultado para el usuario ID: 18
[2025-05-07T04:10:05.299Z] INFO: Consulta de productos disponibles realizada
[2025-05-07T04:10:05.300Z] INFO: Listado de todos los productos disponibles consultado
[2025-05-07T04:10:05.302Z] INFO: Listado de todas las categorías obtenido
[2025-05-07T04:10:07.069Z] INFO: Productos obtenidos por categoría - ID: 2
[2025-05-07T04:10:07.069Z] INFO: Productos consultados por categoría ID: 2
[2025-05-07T04:10:08.299Z] INFO: Productos obtenidos por categoría - ID: 1
[2025-05-07T04:10:08.300Z] INFO: Productos consultados por categoría ID: 1
[2025-05-07T04:10:09.223Z] INFO: Productos obtenidos por categoría - ID: 4
[2025-05-07T04:10:09.224Z] INFO: Productos consultados por categoría ID: 4
[2025-05-07T04:10:11.259Z] INFO: Consulta de productos disponibles realizada
[2025-05-07T04:10:11.259Z] INFO: Listado de todos los productos disponibles consultado
[2025-05-07T04:10:41.395Z] INFO: Login exitoso para: juanclbici@gmail.com
[2025-05-07T04:10:41.396Z] INFO: Inicio de sesión exitoso para: juanclbici@gmail.com
[2025-05-07T04:10:41.463Z] INFO: Perfil solicitado para el usuario ID: 2
[2025-05-07T04:10:41.463Z] INFO: Perfil consultado para el usuario ID: 2
[2025-05-07T04:10:41.842Z] INFO: Listado de todas las categorías obtenido
[2025-05-07T04:10:41.851Z] INFO: Consulta de productos disponibles realizada
[2025-05-07T04:10:41.851Z] INFO: Listado de todos los productos disponibles consultado
[2025-05-07T04:10:47.170Z] INFO: Perfil solicitado para el usuario ID: 2
[2025-05-07T04:10:47.171Z] INFO: Perfil consultado para el usuario ID: 2
[2025-05-07T04:10:55.580Z] INFO: Pedidos del vendedor ID 2 obtenidos
[2025-05-07T04:10:55.581Z] INFO: Pedidos del vendedor ID 2 consultados
[2025-05-07T04:10:59.820Z] INFO: Mensajes entre 18 y 2 marcados como leídos
[2025-05-07T04:10:59.823Z] INFO: Conversación entre 18 y 2 consultada
[2025-05-07T04:11:08.507Z] INFO: Mensaje creado en la DB de 2 a 18
[2025-05-07T04:11:08.508Z] INFO: Mensaje enviado de 2 a 18
[2025-05-07T04:11:08.852Z] INFO: Mensajes entre 18 y 2 marcados como leídos
[2025-05-07T04:11:08.855Z] INFO: Conversación entre 18 y 2 consultada
[2025-05-07T04:11:13.552Z] INFO: Inbox generado para usuario ID 2 con 4 conversaciones
[2025-05-07T04:11:13.553Z] INFO: Inbox obtenido para usuario ID: 2
[2025-05-07T04:11:14.038Z] INFO: getAllUsers: 19 usuarios encontrados
[2025-05-07T04:11:14.038Z] INFO: Se obtuvo la lista de todos los usuarios (19)
[2025-05-07T04:11:15.253Z] INFO: Mensajes entre 18 y 2 marcados como leídos
[2025-05-07T04:11:15.257Z] INFO: Conversación entre 18 y 2 consultada
[2025-05-07T04:11:16.877Z] INFO: Inbox generado para usuario ID 2 con 4 conversaciones
[2025-05-07T04:11:16.877Z] INFO: Inbox obtenido para usuario ID: 2
[2025-05-07T04:11:16.980Z] INFO: getAllUsers: 19 usuarios encontrados
[2025-05-07T04:11:16.980Z] INFO: Se obtuvo la lista de todos los usuarios (19)
[2025-05-07T04:11:17.894Z] INFO: Mensajes entre 1 y 2 marcados como leídos
[2025-05-07T04:11:17.895Z] INFO: Conversación entre 1 y 2 consultada
[2025-05-07T04:11:22.864Z] INFO: Inbox generado para usuario ID 2 con 4 conversaciones
[2025-05-07T04:11:22.864Z] INFO: Inbox obtenido para usuario ID: 2
[2025-05-07T04:11:22.904Z] INFO: getAllUsers: 19 usuarios encontrados
[2025-05-07T04:11:22.904Z] INFO: Se obtuvo la lista de todos los usuarios (19)
[2025-05-07T04:11:24.828Z] INFO: Mensajes entre 15 y 2 marcados como leídos
[2025-05-07T04:11:24.830Z] INFO: Conversación entre 15 y 2 consultada
[2025-05-07T04:11:25.910Z] INFO: Inbox generado para usuario ID 2 con 4 conversaciones
[2025-05-07T04:11:25.910Z] INFO: Inbox obtenido para usuario ID: 2
[2025-05-07T04:11:25.937Z] INFO: getAllUsers: 19 usuarios encontrados
[2025-05-07T04:11:25.937Z] INFO: Se obtuvo la lista de todos los usuarios (19)
[2025-05-07T04:11:26.664Z] INFO: Mensajes entre 3 y 2 marcados como leídos
[2025-05-07T04:11:26.666Z] INFO: Conversación entre 3 y 2 consultada
[2025-05-07T04:11:28.673Z] INFO: Inbox generado para usuario ID 2 con 4 conversaciones
[2025-05-07T04:11:28.673Z] INFO: Inbox obtenido para usuario ID: 2
[2025-05-07T04:11:28.748Z] INFO: getAllUsers: 19 usuarios encontrados
[2025-05-07T04:11:28.748Z] INFO: Se obtuvo la lista de todos los usuarios (19)
[2025-05-07T04:11:30.388Z] INFO: Consulta de productos disponibles realizada
[2025-05-07T04:11:30.388Z] INFO: Listado de todos los productos disponibles consultado
[2025-05-07T04:11:30.797Z] INFO: Listado de todas las categorías obtenido
[2025-05-07T04:11:33.966Z] INFO: Pedidos del vendedor ID 2 obtenidos
[2025-05-07T04:11:33.966Z] INFO: Pedidos del vendedor ID 2 consultados
[2025-05-07T04:11:35.936Z] INFO: Pedido confirmado - ID: 31, Vendedor: 2
[2025-05-07T04:11:35.936Z] INFO: Pedido confirmado ID 31 por vendedor ID 2
[2025-05-07T04:11:36.121Z] INFO: Pedidos del vendedor ID 2 obtenidos
[2025-05-07T04:11:36.121Z] INFO: Pedidos del vendedor ID 2 consultados
[2025-05-07T04:11:39.144Z] INFO: Pedido entregado - ID: 31, Vendedor: 2
[2025-05-07T04:11:39.144Z] INFO: Pedido marcado como entregado ID 31 por vendedor ID 2
[2025-05-07T04:11:39.184Z] INFO: Pedidos del vendedor ID 2 obtenidos
[2025-05-07T04:11:39.186Z] INFO: Pedidos del vendedor ID 2 consultados
[2025-05-07T04:11:48.743Z] INFO: Pedido cancelado - ID: 30, Por: vendedor ID 2
[2025-05-07T04:11:48.743Z] INFO: Pedido cancelado ID 30 por usuario ID 2
[2025-05-07T04:11:48.860Z] INFO: Pedidos del vendedor ID 2 obtenidos
[2025-05-07T04:11:48.860Z] INFO: Pedidos del vendedor ID 2 consultados
[2025-05-07T04:11:54.820Z] INFO: Consulta de productos disponibles realizada
[2025-05-07T04:11:54.820Z] INFO: Listado de todos los productos disponibles consultado
[2025-05-07T04:11:55.849Z] INFO: Listado de todas las categorías obtenido
[2025-05-07T04:12:00.553Z] INFO: Listado de todas las categorías obtenido
[2025-05-07T04:12:00.649Z] INFO: Productos del vendedor ID 2 consultados
[2025-05-07T04:12:00.649Z] INFO: Productos del vendedor consultados - ID Vendedor: 2
[2025-05-07T04:12:09.715Z] INFO: Listado de todas las categorías obtenido
[2025-05-07T04:12:09.770Z] INFO: Productos del vendedor ID 2 consultados
[2025-05-07T04:12:09.772Z] INFO: Productos del vendedor consultados - ID Vendedor: 2
[2025-05-07T04:12:14.838Z] INFO: Producto actualizado - ID: 10
[2025-05-07T04:12:14.840Z] INFO: Producto actualizado - ID: 10
[2025-05-07T04:12:15.064Z] INFO: Productos del vendedor ID 2 consultados
[2025-05-07T04:12:15.064Z] INFO: Productos del vendedor consultados - ID Vendedor: 2
[2025-05-07T04:12:20.290Z] INFO: Consulta de productos disponibles realizada
[2025-05-07T04:12:20.291Z] INFO: Listado de todos los productos disponibles consultado
[2025-05-07T04:12:27.177Z] INFO: Listado de todas las categorías obtenido
[2025-05-07T04:12:27.442Z] INFO: Productos del vendedor ID 2 consultados
[2025-05-07T04:12:27.442Z] INFO: Productos del vendedor consultados - ID Vendedor: 2
[2025-05-07T04:12:33.030Z] INFO: Producto actualizado - ID: 10
[2025-05-07T04:12:33.031Z] INFO: Producto actualizado - ID: 10
[2025-05-07T04:12:33.206Z] INFO: Productos del vendedor ID 2 consultados
[2025-05-07T04:12:33.206Z] INFO: Productos del vendedor consultados - ID Vendedor: 2
[2025-05-07T04:12:36.546Z] INFO: Consulta de productos disponibles realizada
[2025-05-07T04:12:36.546Z] INFO: Listado de todos los productos disponibles consultado
[2025-05-07T04:12:38.837Z] INFO: Productos obtenidos por categoría - ID: 2
[2025-05-07T04:12:38.837Z] INFO: Productos consultados por categoría ID: 2
[2025-05-07T04:12:39.741Z] INFO: Productos obtenidos por categoría - ID: 1
[2025-05-07T04:12:39.742Z] INFO: Productos consultados por categoría ID: 1
[2025-05-07T04:12:40.459Z] INFO: Productos obtenidos por categoría - ID: 4
[2025-05-07T04:12:40.460Z] INFO: Productos consultados por categoría ID: 4
[2025-05-07T04:12:43.792Z] INFO: Listado de todas las categorías obtenido
[2025-05-07T04:12:44.863Z] INFO: Productos del vendedor ID 2 consultados
[2025-05-07T04:12:44.863Z] INFO: Productos del vendedor consultados - ID Vendedor: 2
[2025-05-07T04:13:04.696Z] INFO: Producto creado: pruebaz, Vendedor ID: 2
[2025-05-07T04:13:04.696Z] INFO: Producto creado por usuario ID 2 - ID: 13
[2025-05-07T04:13:04.721Z] INFO: Productos del vendedor ID 2 consultados
[2025-05-07T04:13:04.721Z] INFO: Productos del vendedor consultados - ID Vendedor: 2
[2025-05-07T04:13:11.470Z] INFO: Productos obtenidos por categoría - ID: 4
[2025-05-07T04:13:11.471Z] INFO: Productos consultados por categoría ID: 4
[2025-05-07T04:13:16.440Z] INFO: Listado de todas las categorías obtenido
[2025-05-07T04:13:16.492Z] INFO: Productos del vendedor ID 2 consultados
[2025-05-07T04:13:16.492Z] INFO: Productos del vendedor consultados - ID Vendedor: 2
[2025-05-07T04:13:28.342Z] INFO: Producto actualizado - ID: 13
[2025-05-07T04:13:28.344Z] INFO: Producto actualizado - ID: 13
[2025-05-07T04:13:29.385Z] INFO: Productos del vendedor ID 2 consultados
[2025-05-07T04:13:29.385Z] INFO: Productos del vendedor consultados - ID Vendedor: 2
[2025-05-07T04:13:35.989Z] INFO: Productos obtenidos por categoría - ID: 4
[2025-05-07T04:13:35.990Z] INFO: Productos consultados por categoría ID: 4
[2025-05-07T04:13:49.118Z] INFO: Perfil solicitado para el usuario ID: 2
[2025-05-07T04:13:49.119Z] INFO: Perfil consultado para el usuario ID: 2
[2025-11-06T18:10:46.137Z] WARN: Login fallido - Contraseña incorrecta para: juan.lopez4572@alumnos.udg.mx
[2025-11-06T18:10:46.145Z] WARN: Error de login para juan.lopez4572@alumnos.udg.mx: Credenciales inválidas
[2025-11-06T18:13:18.126Z] WARN: Login fallido - Contraseña incorrecta para: juan.lopez4572@alumnos.udg.mx
[2025-11-06T18:13:18.127Z] WARN: Error de login para juan.lopez4572@alumnos.udg.mx: Credenciales inválidas
[2025-11-06T18:13:32.759Z] INFO: Login exitoso para: juanclbici@gmail.com
[2025-11-06T18:13:32.760Z] INFO: Inicio de sesión exitoso para: juanclbici@gmail.com
[2025-11-06T18:13:32.952Z] INFO: Perfil solicitado para el usuario ID: 2
[2025-11-06T18:13:32.953Z] INFO: Perfil consultado para el usuario ID: 2
[2025-11-06T18:13:33.564Z] INFO: Listado de todas las categorías obtenido
[2025-11-06T18:13:33.566Z] INFO: Listado de todas las categorías obtenido
[2025-11-06T18:13:33.598Z] INFO: Consulta de productos disponibles realizada
[2025-11-06T18:13:33.598Z] INFO: Listado de todos los productos disponibles consultado
[2025-11-06T18:13:33.616Z] INFO: Consulta de productos disponibles realizada
[2025-11-06T18:13:33.616Z] INFO: Listado de todos los productos disponibles consultado
[2025-11-06T18:13:46.473Z] INFO: Perfil solicitado para el usuario ID: 2
[2025-11-06T18:13:46.474Z] INFO: Perfil consultado para el usuario ID: 2
[2025-11-06T18:13:56.912Z] INFO: Perfil solicitado para el usuario ID: 2
[2025-11-06T18:13:56.913Z] INFO: Perfil consultado para el usuario ID: 2
[2025-11-06T18:14:59.948Z] INFO: Login exitoso para: luis@alumnos.udg.mx
[2025-11-06T18:14:59.948Z] INFO: Inicio de sesión exitoso para: luis@alumnos.udg.mx
[2025-11-06T18:15:00.029Z] INFO: Perfil solicitado para el usuario ID: 3
[2025-11-06T18:15:00.029Z] INFO: Perfil consultado para el usuario ID: 3
[2025-11-06T18:15:00.290Z] INFO: Listado de todas las categorías obtenido
[2025-11-06T18:15:00.337Z] INFO: Consulta de productos disponibles realizada
[2025-11-06T18:15:00.338Z] INFO: Listado de todos los productos disponibles consultado
[2025-11-06T18:15:02.592Z] INFO: Perfil solicitado para el usuario ID: 3
[2025-11-06T18:15:02.593Z] INFO: Perfil consultado para el usuario ID: 3
[2025-11-06T18:15:04.693Z] INFO: Lista de vendedores obtenida correctamente
[2025-11-06T18:15:04.693Z] INFO: Consulta de todos los vendedores realizada
[2025-11-06T18:15:06.483Z] INFO: Pedido creado exitosamente - ID: 32, Usuario: 3
[2025-11-06T18:15:06.924Z] INFO: Pedido creado con ID 32 por usuario ID 3
[2025-11-06T18:15:10.090Z] INFO: Historial de pedidos obtenido para usuario ID: 3
[2025-11-06T18:15:10.091Z] INFO: Historial de pedidos consultado por usuario ID 3
[2025-11-07T18:20:16.265Z] INFO: Login exitoso para: luis@alumnos.udg.mx
[2025-11-07T18:20:16.266Z] INFO: Inicio de sesión exitoso para: luis@alumnos.udg.mx
[2025-11-07T18:20:16.485Z] INFO: Perfil solicitado para el usuario ID: 3
[2025-11-07T18:20:16.485Z] INFO: Perfil consultado para el usuario ID: 3
[2025-11-07T18:20:17.004Z] INFO: Listado de todas las categorías obtenido
[2025-11-07T18:20:17.008Z] INFO: Listado de todas las categorías obtenido
[2025-11-07T18:20:17.020Z] INFO: Consulta de productos disponibles realizada
[2025-11-07T18:20:17.020Z] INFO: Listado de todos los productos disponibles consultado
[2025-11-07T18:20:17.023Z] INFO: Consulta de productos disponibles realizada
[2025-11-07T18:20:17.024Z] INFO: Listado de todos los productos disponibles consultado
[2025-11-07T18:20:35.135Z] INFO: Perfil solicitado para el usuario ID: 3
[2025-11-07T18:20:35.136Z] INFO: Perfil consultado para el usuario ID: 3
[2025-11-07T18:20:37.249Z] INFO: Lista de vendedores obtenida correctamente
[2025-11-07T18:20:37.250Z] INFO: Consulta de todos los vendedores realizada
[2025-11-07T18:20:38.781Z] INFO: Pedido creado exitosamente - ID: 33, Usuario: 3
[2025-11-07T18:20:38.981Z] INFO: Pedido creado con ID 33 por usuario ID 3
[2025-11-07T18:20:40.612Z] INFO: Historial de pedidos obtenido para usuario ID: 3
[2025-11-07T18:20:40.612Z] INFO: Historial de pedidos consultado por usuario ID 3
[2025-11-07T18:25:24.424Z] INFO: Perfil solicitado para el usuario ID: 3
[2025-11-07T18:25:24.425Z] INFO: Perfil consultado para el usuario ID: 3
[2025-11-07T18:25:25.185Z] INFO: Consulta de productos disponibles realizada
[2025-11-07T18:25:25.185Z] INFO: Listado de todos los productos disponibles consultado
[2025-11-07T18:25:25.187Z] INFO: Listado de todas las categorías obtenido
[2025-11-07T18:25:36.589Z] INFO: Perfil solicitado para el usuario ID: 3
[2025-11-07T18:25:36.590Z] INFO: Perfil consultado para el usuario ID: 3
[2025-11-07T18:25:39.909Z] INFO: Lista de vendedores obtenida correctamente
[2025-11-07T18:25:39.909Z] INFO: Consulta de todos los vendedores realizada
[2025-11-07T18:25:42.343Z] INFO: Pedido creado exitosamente - ID: 34, Usuario: 3
[2025-11-07T18:25:42.503Z] INFO: Pedido creado con ID 34 por usuario ID 3
[2025-11-07T18:27:11.424Z] INFO: Consulta de productos disponibles realizada
[2025-11-07T18:27:11.425Z] INFO: Listado de todos los productos disponibles consultado
[2025-11-07T18:27:11.427Z] INFO: Listado de todas las categorías obtenido
[2025-11-07T18:27:16.289Z] INFO: Perfil solicitado para el usuario ID: 3
[2025-11-07T18:27:16.289Z] INFO: Perfil consultado para el usuario ID: 3
[2025-11-07T18:27:18.288Z] INFO: Lista de vendedores obtenida correctamente
[2025-11-07T18:27:18.288Z] INFO: Consulta de todos los vendedores realizada
[2025-11-07T18:27:20.555Z] INFO: Pedido creado exitosamente - ID: 35, Usuario: 3
[2025-11-07T18:27:20.726Z] INFO: Pedido creado con ID 35 por usuario ID 3
[2025-11-07T18:35:53.769Z] INFO: Login exitoso para: luis@alumnos.udg.mx
[2025-11-07T18:35:53.770Z] INFO: Inicio de sesión exitoso para: luis@alumnos.udg.mx
[2025-11-07T18:35:54.838Z] INFO: Perfil solicitado para el usuario ID: 3
[2025-11-07T18:35:54.839Z] INFO: Perfil consultado para el usuario ID: 3
[2025-11-07T18:35:55.950Z] INFO: Listado de todas las categorías obtenido
[2025-11-07T18:35:55.954Z] INFO: Listado de todas las categorías obtenido
[2025-11-07T18:35:55.963Z] INFO: Consulta de productos disponibles realizada
[2025-11-07T18:35:55.964Z] INFO: Listado de todos los productos disponibles consultado
[2025-11-07T18:35:55.968Z] INFO: Consulta de productos disponibles realizada
[2025-11-07T18:35:55.969Z] INFO: Listado de todos los productos disponibles consultado
[2025-11-07T18:36:03.078Z] INFO: Perfil solicitado para el usuario ID: 3
[2025-11-07T18:36:03.078Z] INFO: Perfil consultado para el usuario ID: 3
[2025-11-07T18:36:04.088Z] INFO: Lista de vendedores obtenida correctamente
[2025-11-07T18:36:04.088Z] INFO: Consulta de todos los vendedores realizada
[2025-11-07T18:36:05.619Z] INFO: Pedido creado exitosamente - ID: 36, Usuario: 3
[2025-11-07T18:36:05.796Z] INFO: Pedido creado con ID 36 por usuario ID 3
[2025-11-07T18:36:26.463Z] INFO: Consulta de productos disponibles realizada
[2025-11-07T18:36:26.463Z] INFO: Listado de todos los productos disponibles consultado
[2025-11-07T18:36:26.467Z] INFO: Listado de todas las categorías obtenido
[2025-11-07T18:40:07.877Z] INFO: Perfil solicitado para el usuario ID: 3
[2025-11-07T18:40:07.878Z] INFO: Perfil consultado para el usuario ID: 3
[2025-11-07T18:40:09.328Z] INFO: Lista de vendedores obtenida correctamente
[2025-11-07T18:40:09.329Z] INFO: Consulta de todos los vendedores realizada
[2025-11-07T18:40:10.938Z] INFO: Pedido creado exitosamente - ID: 37, Usuario: 3
[2025-11-07T18:40:11.077Z] INFO: Pedido creado con ID 37 por usuario ID 3
[2025-11-07T18:40:12.306Z] INFO: Historial de pedidos obtenido para usuario ID: 3
[2025-11-07T18:40:12.306Z] INFO: Historial de pedidos consultado por usuario ID 3
[2025-11-07T19:24:54.528Z] INFO: Perfil solicitado para el usuario ID: 3
[2025-11-07T19:24:54.532Z] INFO: Perfil consultado para el usuario ID: 3
[2025-11-07T19:24:55.373Z] INFO: Consulta de productos disponibles realizada
[2025-11-07T19:24:55.374Z] INFO: Listado de todos los productos disponibles consultado
[2025-11-07T19:24:55.377Z] INFO: Listado de todas las categorías obtenido
[2025-11-07T19:25:00.985Z] INFO: Perfil solicitado para el usuario ID: 3
[2025-11-07T19:25:00.985Z] INFO: Perfil consultado para el usuario ID: 3
[2025-11-07T19:25:31.854Z] INFO: Login exitoso para: luis@alumnos.udg.mx
[2025-11-07T19:25:31.854Z] INFO: Inicio de sesión exitoso para: luis@alumnos.udg.mx
[2025-11-07T19:25:51.585Z] INFO: Listado de todas las categorías obtenido
[2025-11-07T19:26:28.342Z] INFO: 📦 Se consultaron 0 registros de blockchain
[2025-11-07T19:26:28.342Z] INFO: ✅ Registros de blockchain obtenidos correctamente
[2025-11-07T19:28:49.854Z] INFO: Listado de todas las categorías obtenido
[2025-11-07T19:28:49.860Z] INFO: Consulta de productos disponibles realizada
[2025-11-07T19:28:49.860Z] INFO: Listado de todos los productos disponibles consultado
[2025-11-07T19:28:52.728Z] INFO: Perfil solicitado para el usuario ID: 3
[2025-11-07T19:28:52.729Z] INFO: Perfil consultado para el usuario ID: 3
[2025-11-07T19:28:53.981Z] INFO: Lista de vendedores obtenida correctamente
[2025-11-07T19:28:53.981Z] INFO: Consulta de todos los vendedores realizada
[2025-11-07T19:28:55.824Z] INFO: Pedido creado exitosamente - ID: 38, Usuario: 3
[2025-11-07T19:28:56.057Z] INFO: ✅ CREAR registrado en blockchain: 0xc214a6fdaac9b1effed73dbbc6aa4cf4942043418080d8451f3189ea4bf23b27
[2025-11-07T19:28:56.058Z] INFO: Pedido creado con ID 38 por usuario ID 3
[2025-11-07T19:28:57.374Z] INFO: Historial de pedidos obtenido para usuario ID: 3
[2025-11-07T19:28:57.375Z] INFO: Historial de pedidos consultado por usuario ID 3
[2025-11-07T19:29:06.485Z] INFO: 📦 Se consultaron 0 registros de blockchain
[2025-11-07T19:29:06.485Z] INFO: ✅ Registros de blockchain obtenidos correctamente
[2025-11-07T19:29:08.851Z] INFO: 📦 Se consultaron 0 registros de blockchain
[2025-11-07T19:29:08.851Z] INFO: ✅ Registros de blockchain obtenidos correctamente
[2025-11-07T19:33:54.824Z] INFO: 📦 Se consultaron 6 registros de blockchain
[2025-11-07T19:33:54.826Z] INFO: ✅ Registros de blockchain obtenidos correctamente
[2025-11-07T23:34:39.265Z] INFO: Perfil solicitado para el usuario ID: 3
[2025-11-07T23:34:39.266Z] INFO: Perfil consultado para el usuario ID: 3
[2025-11-07T23:34:40.023Z] INFO: Consulta de productos disponibles realizada
[2025-11-07T23:34:40.023Z] INFO: Listado de todos los productos disponibles consultado
[2025-11-07T23:34:40.078Z] INFO: Listado de todas las categorías obtenido
[2025-11-07T23:34:50.480Z] INFO: Perfil solicitado para el usuario ID: 3
[2025-11-07T23:34:50.480Z] INFO: Perfil consultado para el usuario ID: 3
[2025-11-07T23:34:52.332Z] INFO: Lista de vendedores obtenida correctamente
[2025-11-07T23:34:52.333Z] INFO: Consulta de todos los vendedores realizada
[2025-11-07T23:34:54.629Z] INFO: Pedido creado exitosamente - ID: 39, Usuario: 3
[2025-11-07T23:34:54.923Z] INFO: CREAR registrado en blockchain: 0x4dec4af36a100214c9290e0a58684fb6ffe31e37e136bcb8c4f9e2391859fe8c
[2025-11-07T23:34:54.924Z] INFO: Pedido creado con ID 39 por usuario ID 3
[2025-11-07T23:35:28.140Z] INFO: Listado de todas las categorías obtenido
[2025-11-07T23:35:28.148Z] INFO: Consulta de productos disponibles realizada
[2025-11-07T23:35:28.149Z] INFO: Listado de todos los productos disponibles consultado
[2025-11-07T23:35:30.481Z] INFO: Historial de pedidos obtenido para usuario ID: 3
[2025-11-07T23:35:30.482Z] INFO: Historial de pedidos consultado por usuario ID 3
[2025-11-07T23:50:09.117Z] INFO: Login exitoso para: luis@alumnos.udg.mx
[2025-11-07T23:50:09.150Z] INFO: Inicio de sesión exitoso para: luis@alumnos.udg.mx
[2025-11-07T23:50:09.582Z] INFO: Perfil solicitado para el usuario ID: 3
[2025-11-07T23:50:09.583Z] INFO: Perfil consultado para el usuario ID: 3
[2025-11-07T23:50:10.387Z] INFO: Listado de todas las categorías obtenido
[2025-11-07T23:50:10.444Z] INFO: Consulta de productos disponibles realizada
[2025-11-07T23:50:10.447Z] INFO: Listado de todos los productos disponibles consultado
[2025-11-07T23:50:10.454Z] INFO: Listado de todas las categorías obtenido
[2025-11-07T23:50:10.460Z] INFO: Consulta de productos disponibles realizada
[2025-11-07T23:50:10.461Z] INFO: Listado de todos los productos disponibles consultado
[2025-11-07T23:50:13.995Z] INFO: Lista de vendedores obtenida correctamente
[2025-11-07T23:50:13.996Z] INFO: Consulta de todos los vendedores realizada
[2025-11-07T23:50:15.752Z] INFO: Inbox generado para usuario ID 3 con 2 conversaciones
[2025-11-07T23:50:15.752Z] INFO: Inbox obtenido para usuario ID: 3
[2025-11-07T23:50:15.829Z] INFO: getAllUsers: 19 usuarios encontrados
[2025-11-07T23:50:15.831Z] INFO: Se obtuvo la lista de todos los usuarios (19)
[2025-11-07T23:50:19.111Z] INFO: Mensajes entre 1 y 3 marcados como leídos
[2025-11-07T23:50:19.116Z] INFO: Conversación entre 1 y 3 consultada
[2025-11-07T23:50:21.915Z] INFO: Inbox generado para usuario ID 3 con 2 conversaciones
[2025-11-07T23:50:21.916Z] INFO: Inbox obtenido para usuario ID: 3
[2025-11-07T23:50:22.019Z] INFO: getAllUsers: 19 usuarios encontrados
[2025-11-07T23:50:22.020Z] INFO: Se obtuvo la lista de todos los usuarios (19)
[2025-11-07T23:50:23.453Z] INFO: Listado de todas las categorías obtenido
[2025-11-07T23:50:23.519Z] INFO: Consulta de productos disponibles realizada
[2025-11-07T23:50:23.521Z] INFO: Listado de todos los productos disponibles consultado
[2025-11-07T23:50:33.190Z] INFO: Perfil solicitado para el usuario ID: 3
[2025-11-07T23:50:33.195Z] INFO: Perfil consultado para el usuario ID: 3
[2025-11-29T21:13:40.023Z] INFO: Login exitoso para: luis@alumnos.udg.mx
[2025-11-29T21:13:40.025Z] INFO: Inicio de sesión exitoso para: luis@alumnos.udg.mx
[2025-11-29T21:18:32.897Z] INFO: Registros de blockchain obtenidos correctamente
[2025-11-29T21:18:48.894Z] INFO: Consulta de productos disponibles realizada
[2025-11-29T21:18:48.894Z] INFO: Listado de todos los productos disponibles consultado
[2025-11-29T21:18:50.518Z] INFO: Consulta de productos disponibles realizada
[2025-11-29T21:18:50.521Z] INFO: Listado de todos los productos disponibles consultado
[2025-11-29T21:28:28.312Z] INFO: Login exitoso para: luis@alumnos.udg.mx
[2025-11-29T21:28:28.315Z] INFO: Inicio de sesión exitoso para: luis@alumnos.udg.mx
[2025-11-29T21:28:28.739Z] INFO: Perfil solicitado para el usuario ID: 3
[2025-11-29T21:28:28.740Z] INFO: Perfil consultado para el usuario ID: 3
[2025-11-29T21:28:29.772Z] INFO: Listado de todas las categorías obtenido
[2025-11-29T21:28:29.830Z] INFO: Consulta de productos disponibles realizada
[2025-11-29T21:28:29.830Z] INFO: Listado de todos los productos disponibles consultado
[2025-11-29T21:28:29.840Z] INFO: Consulta de productos disponibles realizada
[2025-11-29T21:28:29.840Z] INFO: Listado de todos los productos disponibles consultado
[2025-11-29T21:28:29.849Z] INFO: Listado de todas las categorías obtenido
[2025-11-29T21:28:42.380Z] INFO: Perfil solicitado para el usuario ID: 3
[2025-11-29T21:28:42.380Z] INFO: Perfil consultado para el usuario ID: 3
[2025-11-29T21:28:44.084Z] INFO: Lista de vendedores obtenida correctamente
[2025-11-29T21:28:44.084Z] INFO: Consulta de todos los vendedores realizada
[2025-11-29T21:28:46.092Z] INFO: Pedido creado exitosamente - ID: 40, Usuario: 3
[2025-11-29T21:28:46.097Z] ERROR: Error al crear pedido: Transaction cannot be rolled back because it has been finished with state: commit
[2025-11-29T21:29:11.608Z] INFO: Pedido creado exitosamente - ID: 41, Usuario: 3
[2025-11-29T21:29:11.608Z] ERROR: Error al crear pedido: Transaction cannot be rolled back because it has been finished with state: commit
[2025-11-29T21:36:31.269Z] INFO: Pedido creado exitosamente - ID: 42, Usuario: 3
[2025-11-29T21:36:31.276Z] ERROR: Error al crear pedido: Transaction cannot be rolled back because it has been finished with state: commit
[2025-11-29T21:37:51.589Z] INFO: Pedido creado exitosamente - ID: 43, Usuario: 3
[2025-11-29T21:37:51.593Z] ERROR: Error al crear pedido: Transaction cannot be rolled back because it has been finished with state: commit
[2025-11-29T21:42:24.156Z] INFO: Pedido creado exitosamente - ID: 44, Usuario: 3
[2025-11-29T21:42:24.161Z] ERROR: Error al crear pedido: Transaction cannot be rolled back because it has been finished with state: commit
[2025-11-29T21:50:40.400Z] INFO: Pedido creado exitosamente - ID: 45, Usuario: 3
[2025-11-29T21:50:40.408Z] ERROR: Error al crear pedido: Transaction cannot be rolled back because it has been finished with state: commit
[2025-11-29T21:50:53.105Z] INFO: Listado de todas las categorías obtenido
[2025-11-29T21:50:53.110Z] INFO: Consulta de productos disponibles realizada
[2025-11-29T21:50:53.111Z] INFO: Listado de todos los productos disponibles consultado
[2025-11-29T21:50:55.460Z] INFO: Perfil solicitado para el usuario ID: 3
[2025-11-29T21:50:55.461Z] INFO: Perfil consultado para el usuario ID: 3
[2025-11-29T21:50:57.471Z] INFO: Lista de vendedores obtenida correctamente
[2025-11-29T21:50:57.472Z] INFO: Consulta de todos los vendedores realizada
[2025-11-29T21:50:58.867Z] INFO: Pedido creado exitosamente - ID: 46, Usuario: 3
[2025-11-29T21:50:58.870Z] ERROR: Error al crear pedido: Transaction cannot be rolled back because it has been finished with state: commit
[2025-11-29T21:55:31.976Z] INFO: Pedido creado exitosamente - ID: 47, Usuario: 3
[2025-11-29T21:55:31.982Z] ERROR: Error al crear pedido: Transaction cannot be rolled back because it has been finished with state: commit
[2025-11-29T21:58:51.295Z] INFO: Pedido creado exitosamente - ID: 48, Usuario: 3
[2025-11-29T21:58:51.299Z] ERROR: Error al crear pedido: Transaction cannot be rolled back because it has been finished with state: commit
[2025-11-29T22:02:00.515Z] INFO: Pedido creado exitosamente - ID: 49, Usuario: 3
[2025-11-29T22:02:00.520Z] ERROR: Error al crear pedido: Transaction cannot be rolled back because it has been finished with state: commit
[2025-11-29T22:06:26.501Z] INFO: Pedido creado exitosamente - ID: 50, Usuario: 3
[2025-11-29T22:06:26.508Z] ERROR: Error al crear pedido: Transaction cannot be rolled back because it has been finished with state: commit
[2025-11-29T22:08:55.160Z] INFO: Pedido creado exitosamente - ID: 51, Usuario: 3
[2025-11-29T22:08:55.164Z] ERROR: Error al crear pedido: Transaction cannot be rolled back because it has been finished with state: commit
[2025-11-29T22:12:35.369Z] INFO: Pedido creado exitosamente - ID: 52
[2025-11-29T22:12:35.374Z] ERROR: Blockchain error (CREATE): notNull Violation: BlockchainBlock.block_index cannot be null,
notNull Violation: BlockchainBlock.prev_Hash cannot be null
[2025-11-29T22:12:35.375Z] INFO: Pedido creado con ID 52 por usuario ID 3
[2025-11-29T22:12:35.376Z] ERROR: Error al crear pedido: notNull Violation: BlockchainBlock.block_index cannot be null,
notNull Violation: BlockchainBlock.prev_Hash cannot be null
[2025-11-29T22:48:34.669Z] INFO: Perfil solicitado para el usuario ID: 3
[2025-11-29T22:48:34.671Z] INFO: Perfil consultado para el usuario ID: 3
[2025-11-29T22:48:35.401Z] INFO: Listado de todas las categorías obtenido
[2025-11-29T22:48:35.436Z] INFO: Consulta de productos disponibles realizada
[2025-11-29T22:48:35.436Z] INFO: Listado de todos los productos disponibles consultado
[2025-11-29T22:48:46.075Z] INFO: Perfil solicitado para el usuario ID: 3
[2025-11-29T22:48:46.076Z] INFO: Perfil consultado para el usuario ID: 3
[2025-11-29T22:48:47.212Z] INFO: Lista de vendedores obtenida correctamente
[2025-11-29T22:48:47.213Z] INFO: Consulta de todos los vendedores realizada
[2025-11-29T22:48:48.826Z] INFO: Pedido creado exitosamente - ID: 53
[2025-11-29T22:48:48.845Z] ERROR: Blockchain error (CREATE): notNull Violation: BlockchainBlock.prev_Hash cannot be null
[2025-11-29T22:48:48.846Z] INFO: Pedido creado con ID 53 por usuario ID 3
[2025-11-29T22:53:09.421Z] INFO: Listado de todas las categorías obtenido
[2025-11-29T22:53:09.429Z] INFO: Consulta de productos disponibles realizada
[2025-11-29T22:53:09.429Z] INFO: Listado de todos los productos disponibles consultado
[2025-11-29T22:53:11.241Z] INFO: Perfil solicitado para el usuario ID: 3
[2025-11-29T22:53:11.241Z] INFO: Perfil consultado para el usuario ID: 3
[2025-11-29T22:53:12.723Z] INFO: Lista de vendedores obtenida correctamente
[2025-11-29T22:53:12.723Z] INFO: Consulta de todos los vendedores realizada
[2025-11-29T22:53:13.937Z] INFO: Pedido creado exitosamente - ID: 54
[2025-11-29T22:53:13.946Z] ERROR: Blockchain error (CREATE): notNull Violation: BlockchainBlock.prev_Hash cannot be null
[2025-11-29T22:53:13.947Z] INFO: Pedido creado con ID 54 por usuario ID 3
[2025-11-29T22:54:50.442Z] INFO: Consulta de productos disponibles realizada
[2025-11-29T22:54:50.444Z] INFO: Listado de todos los productos disponibles consultado
[2025-11-29T22:54:50.448Z] INFO: Listado de todas las categorías obtenido
[2025-11-29T22:54:55.030Z] INFO: Perfil solicitado para el usuario ID: 3
[2025-11-29T22:54:55.030Z] INFO: Perfil consultado para el usuario ID: 3
[2025-11-29T22:54:55.953Z] INFO: Lista de vendedores obtenida correctamente
[2025-11-29T22:54:55.954Z] INFO: Consulta de todos los vendedores realizada
[2025-11-29T22:54:57.387Z] INFO: Pedido creado exitosamente - ID: 55
[2025-11-29T22:54:57.418Z] INFO: Pedido creado con ID 55 por usuario ID 3
[2025-11-29T23:12:49.985Z] INFO: Listado de todas las categorías obtenido
[2025-11-29T23:12:49.990Z] INFO: Consulta de productos disponibles realizada
[2025-11-29T23:12:49.991Z] INFO: Listado de todos los productos disponibles consultado
[2025-11-29T23:12:54.833Z] INFO: Perfil solicitado para el usuario ID: 3
[2025-11-29T23:12:54.833Z] INFO: Perfil consultado para el usuario ID: 3
[2025-11-29T23:12:56.435Z] INFO: Lista de vendedores obtenida correctamente
[2025-11-29T23:12:56.435Z] INFO: Consulta de todos los vendedores realizada
[2025-11-29T23:12:59.037Z] INFO: Pedido creado exitosamente - ID: 56
[2025-11-29T23:12:59.058Z] INFO: Pedido creado con ID 56 por usuario ID 3
[2025-11-29T23:21:00.698Z] INFO: Listado de todas las categorías obtenido
[2025-11-29T23:21:00.706Z] INFO: Consulta de productos disponibles realizada
[2025-11-29T23:21:00.707Z] INFO: Listado de todos los productos disponibles consultado
[2025-11-29T23:21:04.199Z] INFO: Perfil solicitado para el usuario ID: 3
[2025-11-29T23:21:04.200Z] INFO: Perfil consultado para el usuario ID: 3
[2025-11-29T23:21:05.373Z] INFO: Lista de vendedores obtenida correctamente
[2025-11-29T23:21:05.373Z] INFO: Consulta de todos los vendedores realizada
[2025-11-29T23:21:06.256Z] INFO: Pedido creado exitosamente - ID: 57
[2025-11-29T23:21:06.269Z] INFO: Pedido creado con ID 57 por usuario ID 3
[2025-11-29T23:31:16.417Z] ERROR: Error en repairChain: db is not defined
[2025-11-29T23:32:25.658Z] ERROR: Error en repairChain: db is not defined
[2025-11-29T23:32:58.611Z] ERROR: Error en repairChain: db is not defined
[2025-11-29T23:34:10.721Z] INFO: Cadena blockchain reparada desde bloque 1. Bloques afectados: 3
[2025-11-30T01:26:38.237Z] WARN: Perfil no encontrado para el usuario ID: 3
[2025-11-30T01:26:38.239Z] ERROR: Error al obtener perfil del usuario ID 3: Usuario no encontrado
[2025-11-30T01:26:53.335Z] WARN: Login fallido - Usuario no encontrado o inactivo: luis@alumnos.udg.mx
[2025-11-30T01:26:53.336Z] WARN: Error de login para luis@alumnos.udg.mx: Credenciales inválidas o cuenta inactiva
[2025-11-30T01:27:35.453Z] INFO: Intento de registro para juan.lopez4572@alumnos.udg.mx
[2025-11-30T01:27:35.455Z] INFO: Intento de registro para juan.lopez4572@alumnos.udg.mx
[2025-11-30T01:27:35.565Z] INFO: Usuario creado exitosamente: juan.lopez4572@alumnos.udg.mx
[2025-11-30T01:27:35.567Z] INFO: Token generado para: juan.lopez4572@alumnos.udg.mx
[2025-11-30T01:27:35.568Z] INFO: Usuario registrado exitosamente: juan.lopez4572@alumnos.udg.mx
[2025-11-30T01:27:35.650Z] INFO: Perfil solicitado para el usuario ID: 1
[2025-11-30T01:27:35.651Z] INFO: Perfil consultado para el usuario ID: 1
[2025-11-30T01:27:36.177Z] INFO: Listado de todas las categorías obtenido
[2025-11-30T01:27:36.179Z] INFO: Listado de todas las categorías obtenido
[2025-11-30T01:27:36.182Z] INFO: Consulta de productos disponibles realizada
[2025-11-30T01:27:36.182Z] INFO: Listado de todos los productos disponibles consultado
[2025-11-30T01:27:36.183Z] INFO: Consulta de productos disponibles realizada
[2025-11-30T01:27:36.184Z] INFO: Listado de todos los productos disponibles consultado
[2025-11-30T01:28:19.596Z] INFO: Perfil solicitado para el usuario ID: 1
[2025-11-30T01:28:19.596Z] INFO: Perfil consultado para el usuario ID: 1
[2025-11-30T01:28:37.822Z] INFO: Login exitoso para: juan.lopez4572@alumnos.udg.mx
[2025-11-30T01:28:37.822Z] INFO: Inicio de sesión exitoso para: juan.lopez4572@alumnos.udg.mx
[2025-11-30T01:28:37.874Z] INFO: Perfil solicitado para el usuario ID: 1
[2025-11-30T01:28:37.874Z] INFO: Perfil consultado para el usuario ID: 1
[2025-11-30T01:28:38.371Z] INFO: Listado de todas las categorías obtenido
[2025-11-30T01:28:39.078Z] INFO: Consulta de productos disponibles realizada
[2025-11-30T01:28:39.078Z] INFO: Listado de todos los productos disponibles consultado
[2025-11-30T01:28:42.032Z] INFO: Listado de todas las categorías obtenido
[2025-11-30T01:29:23.800Z] INFO: Categoría creada: Dulces
[2025-11-30T01:29:23.800Z] INFO: Categoría creada desde controlador: Dulces
[2025-11-30T01:29:23.959Z] INFO: Listado de todas las categorías obtenido
[2025-11-30T01:29:41.649Z] INFO: Categoría creada: Artesanías
[2025-11-30T01:29:41.649Z] INFO: Categoría creada desde controlador: Artesanías
[2025-11-30T01:29:41.747Z] INFO: Listado de todas las categorías obtenido
[2025-11-30T01:29:58.291Z] INFO: Categoría creada: Snacks
[2025-11-30T01:29:58.292Z] INFO: Categoría creada desde controlador: Snacks
[2025-11-30T01:29:58.359Z] INFO: Listado de todas las categorías obtenido
[2025-11-30T01:30:16.008Z] INFO: Categoría creada: Electrónica
[2025-11-30T01:30:16.008Z] INFO: Categoría creada desde controlador: Electrónica
[2025-11-30T01:30:16.095Z] INFO: Listado de todas las categorías obtenido
[2025-11-30T01:30:30.024Z] INFO: Perfil solicitado para el usuario ID: 1
[2025-11-30T01:30:30.025Z] INFO: Perfil consultado para el usuario ID: 1
[2025-11-30T01:30:37.429Z] INFO: Listado de todas las categorías obtenido
[2025-11-30T01:30:37.432Z] INFO: Consulta de productos disponibles realizada
[2025-11-30T01:30:37.433Z] INFO: Listado de todos los productos disponibles consultado
[2025-11-30T01:30:39.088Z] INFO: Productos obtenidos por categoría - ID: 2
[2025-11-30T01:30:39.088Z] INFO: Productos consultados por categoría ID: 2
[2025-11-30T01:30:39.497Z] INFO: Productos obtenidos por categoría - ID: 1
[2025-11-30T01:30:39.497Z] INFO: Productos consultados por categoría ID: 1
[2025-11-30T01:30:39.784Z] INFO: Productos obtenidos por categoría - ID: 4
[2025-11-30T01:30:39.784Z] INFO: Productos consultados por categoría ID: 4
[2025-11-30T01:32:36.925Z] INFO: Intento de registro para alondra.armenta4752@alumnos.udg.mx
[2025-11-30T01:32:36.926Z] INFO: Intento de registro para alondra.armenta4752@alumnos.udg.mx
[2025-11-30T01:32:37.010Z] INFO: Usuario creado exitosamente: alondra.armenta4752@alumnos.udg.mx
[2025-11-30T01:32:37.011Z] INFO: Token generado para: alondra.armenta4752@alumnos.udg.mx
[2025-11-30T01:32:37.012Z] INFO: Usuario registrado exitosamente: alondra.armenta4752@alumnos.udg.mx
[2025-11-30T01:32:37.082Z] INFO: Perfil solicitado para el usuario ID: 2
[2025-11-30T01:32:37.082Z] INFO: Perfil consultado para el usuario ID: 2
[2025-11-30T01:32:37.275Z] INFO: Listado de todas las categorías obtenido
[2025-11-30T01:32:37.280Z] INFO: Consulta de productos disponibles realizada
[2025-11-30T01:32:37.281Z] INFO: Listado de todos los productos disponibles consultado
[2025-11-30T01:33:52.191Z] INFO: Listado de todas las categorías obtenido
[2025-11-30T01:33:52.280Z] INFO: Productos del vendedor ID 2 consultados
[2025-11-30T01:33:52.281Z] INFO: Productos del vendedor consultados - ID Vendedor: 2
[2025-11-30T01:34:21.799Z] INFO: Producto creado: paleta, Vendedor ID: 2
[2025-11-30T01:34:21.799Z] INFO: Producto creado por usuario ID 2 - ID: 1
[2025-11-30T01:34:21.892Z] INFO: Productos del vendedor ID 2 consultados
[2025-11-30T01:34:21.892Z] INFO: Productos del vendedor consultados - ID Vendedor: 2
[2025-11-30T01:34:54.363Z] INFO: Listado de todas las categorías obtenido
[2025-11-30T01:34:54.442Z] INFO: Productos del vendedor ID 2 consultados
[2025-11-30T01:34:54.442Z] INFO: Productos del vendedor consultados - ID Vendedor: 2
[2025-11-30T01:35:25.396Z] INFO: Producto creado: Chicle, Vendedor ID: 2
[2025-11-30T01:35:25.397Z] INFO: Producto creado por usuario ID 2 - ID: 2
[2025-11-30T01:35:25.439Z] INFO: Productos del vendedor ID 2 consultados
[2025-11-30T01:35:25.439Z] INFO: Productos del vendedor consultados - ID Vendedor: 2
[2025-11-30T01:36:05.211Z] INFO: Producto creado: Chocolate, Vendedor ID: 2
[2025-11-30T01:36:05.211Z] INFO: Producto creado por usuario ID 2 - ID: 3
[2025-11-30T01:36:05.274Z] INFO: Productos del vendedor ID 2 consultados
[2025-11-30T01:36:05.274Z] INFO: Productos del vendedor consultados - ID Vendedor: 2
[2025-11-30T01:37:01.662Z] INFO: Producto creado: Celular, Vendedor ID: 2
[2025-11-30T01:37:01.662Z] INFO: Producto creado por usuario ID 2 - ID: 4
[2025-11-30T01:37:01.951Z] INFO: Productos del vendedor ID 2 consultados
[2025-11-30T01:37:01.951Z] INFO: Productos del vendedor consultados - ID Vendedor: 2
[2025-11-30T01:37:53.357Z] INFO: Producto creado: Papas doradas, Vendedor ID: 2
[2025-11-30T01:37:53.358Z] INFO: Producto creado por usuario ID 2 - ID: 5
[2025-11-30T01:37:53.435Z] INFO: Productos del vendedor ID 2 consultados
[2025-11-30T01:37:53.435Z] INFO: Productos del vendedor consultados - ID Vendedor: 2
[2025-11-30T01:38:38.421Z] INFO: Listado de todas las categorías obtenido
[2025-11-30T01:38:38.461Z] INFO: Productos del vendedor ID 2 consultados
[2025-11-30T01:38:38.461Z] INFO: Productos del vendedor consultados - ID Vendedor: 2
[2025-11-30T01:40:13.653Z] INFO: Intento de registro para carmen.mejia1379@alumnos.udg.mx
[2025-11-30T01:40:13.653Z] INFO: Intento de registro para carmen.mejia1379@alumnos.udg.mx
[2025-11-30T01:40:13.734Z] INFO: Usuario creado exitosamente: carmen.mejia1379@alumnos.udg.mx
[2025-11-30T01:40:13.736Z] INFO: Token generado para: carmen.mejia1379@alumnos.udg.mx
[2025-11-30T01:40:13.736Z] INFO: Usuario registrado exitosamente: carmen.mejia1379@alumnos.udg.mx
[2025-11-30T01:40:13.798Z] INFO: Perfil solicitado para el usuario ID: 3
[2025-11-30T01:40:13.799Z] INFO: Perfil consultado para el usuario ID: 3
[2025-11-30T01:40:13.928Z] INFO: Listado de todas las categorías obtenido
[2025-11-30T01:40:13.943Z] INFO: Consulta de productos disponibles realizada
[2025-11-30T01:40:13.944Z] INFO: Listado de todos los productos disponibles consultado
[2025-11-30T01:40:18.798Z] INFO: Listado de todas las categorías obtenido
[2025-11-30T01:40:18.871Z] INFO: Productos del vendedor ID 3 consultados
[2025-11-30T01:40:18.872Z] INFO: Productos del vendedor consultados - ID Vendedor: 3
[2025-11-30T01:40:53.531Z] INFO: Producto creado: Chokis, Vendedor ID: 3
[2025-11-30T01:40:53.532Z] INFO: Producto creado por usuario ID 3 - ID: 6
[2025-11-30T01:40:53.604Z] INFO: Productos del vendedor ID 3 consultados
[2025-11-30T01:40:53.605Z] INFO: Productos del vendedor consultados - ID Vendedor: 3
[2025-11-30T01:41:24.783Z] INFO: Producto creado: Barra energética, Vendedor ID: 3
[2025-11-30T01:41:24.784Z] INFO: Producto creado por usuario ID 3 - ID: 7
[2025-11-30T01:41:24.857Z] INFO: Productos del vendedor ID 3 consultados
[2025-11-30T01:41:24.857Z] INFO: Productos del vendedor consultados - ID Vendedor: 3
[2025-11-30T01:42:08.375Z] INFO: Producto creado: Jícama deshidratada, Vendedor ID: 3
[2025-11-30T01:42:08.376Z] INFO: Producto creado por usuario ID 3 - ID: 8
[2025-11-30T01:42:08.451Z] INFO: Productos del vendedor ID 3 consultados
[2025-11-30T01:42:08.451Z] INFO: Productos del vendedor consultados - ID Vendedor: 3
[2025-11-30T01:42:45.188Z] INFO: Producto creado: Betabel deshidratado, Vendedor ID: 3
[2025-11-30T01:42:45.189Z] INFO: Producto creado por usuario ID 3 - ID: 9
[2025-11-30T01:42:45.303Z] INFO: Productos del vendedor ID 3 consultados
[2025-11-30T01:42:45.304Z] INFO: Productos del vendedor consultados - ID Vendedor: 3
[2025-11-30T01:43:34.671Z] INFO: Listado de todas las categorías obtenido
[2025-11-30T01:43:34.728Z] INFO: Productos del vendedor ID 3 consultados
[2025-11-30T01:43:34.728Z] INFO: Productos del vendedor consultados - ID Vendedor: 3
[2025-11-30T01:45:01.517Z] INFO: Intento de registro para luis@alumnos.udg.mx
[2025-11-30T01:45:01.517Z] INFO: Intento de registro para luis@alumnos.udg.mx
[2025-11-30T01:45:01.596Z] INFO: Usuario creado exitosamente: luis@alumnos.udg.mx
[2025-11-30T01:45:01.598Z] INFO: Token generado para: luis@alumnos.udg.mx
[2025-11-30T01:45:01.598Z] INFO: Usuario registrado exitosamente: luis@alumnos.udg.mx
[2025-11-30T01:45:01.638Z] INFO: Perfil solicitado para el usuario ID: 4
[2025-11-30T01:45:01.638Z] INFO: Perfil consultado para el usuario ID: 4
[2025-11-30T01:45:01.760Z] INFO: Listado de todas las categorías obtenido
[2025-11-30T01:45:01.766Z] INFO: Consulta de productos disponibles realizada
[2025-11-30T01:45:01.766Z] INFO: Listado de todos los productos disponibles consultado
[2025-11-30T01:45:14.185Z] INFO: Productos obtenidos por categoría - ID: 2
[2025-11-30T01:45:14.185Z] INFO: Productos consultados por categoría ID: 2
[2025-11-30T01:45:15.313Z] INFO: Consulta de productos disponibles realizada
[2025-11-30T01:45:15.313Z] INFO: Listado de todos los productos disponibles consultado
[2025-11-30T01:45:22.470Z] INFO: Productos obtenidos por categoría - ID: 1
[2025-11-30T01:45:22.470Z] INFO: Productos consultados por categoría ID: 1
[2025-11-30T01:45:30.605Z] INFO: Productos obtenidos por categoría - ID: 3
[2025-11-30T01:45:30.605Z] INFO: Productos consultados por categoría ID: 3
[2025-11-30T01:45:32.452Z] INFO: Productos obtenidos por categoría - ID: 4
[2025-11-30T01:45:32.452Z] INFO: Productos consultados por categoría ID: 4
[2025-11-30T01:45:35.140Z] INFO: Consulta de productos disponibles realizada
[2025-11-30T01:45:35.140Z] INFO: Listado de todos los productos disponibles consultado
[2025-11-30T01:45:53.167Z] INFO: Perfil solicitado para el usuario ID: 4
[2025-11-30T01:45:53.168Z] INFO: Perfil consultado para el usuario ID: 4
[2025-11-30T01:46:00.521Z] INFO: Lista de vendedores obtenida correctamente
[2025-11-30T01:46:00.522Z] INFO: Consulta de todos los vendedores realizada
[2025-11-30T01:56:58.284Z] INFO: Login exitoso para: luis@alumnos.udg.mx
[2025-11-30T01:56:58.285Z] INFO: Inicio de sesión exitoso para: luis@alumnos.udg.mx
[2025-11-30T01:56:58.341Z] INFO: Perfil solicitado para el usuario ID: 3
[2025-11-30T01:56:58.341Z] INFO: Perfil consultado para el usuario ID: 3
[2025-11-30T01:56:58.432Z] INFO: Listado de todas las categorías obtenido
[2025-11-30T01:56:58.439Z] INFO: Consulta de productos disponibles realizada
[2025-11-30T01:56:58.440Z] INFO: Listado de todos los productos disponibles consultado
[2025-11-30T01:57:01.740Z] INFO: Perfil solicitado para el usuario ID: 3
[2025-11-30T01:57:01.741Z] INFO: Perfil consultado para el usuario ID: 3
[2025-11-30T01:57:03.014Z] INFO: Lista de vendedores obtenida correctamente
[2025-11-30T01:57:03.015Z] INFO: Consulta de todos los vendedores realizada
[2025-11-30T01:57:03.990Z] INFO: Pedido creado exitosamente - ID: 58
[2025-11-30T01:57:04.019Z] INFO: Pedido creado con ID 58 por usuario ID 3
[2025-11-30T01:57:33.382Z] ERROR: Error al obtener historial de pedidos: orderService.getOrderHistory is not a function
[2025-11-30T01:57:41.369Z] INFO: Lista de vendedores obtenida correctamente
[2025-11-30T01:57:41.369Z] INFO: Consulta de todos los vendedores realizada
[2025-11-30T01:57:42.492Z] ERROR: Error al obtener historial de pedidos: orderService.getOrderHistory is not a function
[2025-11-30T01:58:14.756Z] INFO: Lista de vendedores obtenida correctamente
[2025-11-30T01:58:14.756Z] INFO: Consulta de todos los vendedores realizada
[2025-11-30T01:58:16.093Z] ERROR: Error al obtener historial de pedidos: orderService.getOrderHistory is not a function
[2025-11-30T02:01:11.508Z] INFO: Listado de todas las categorías obtenido
[2025-11-30T02:01:11.518Z] INFO: Consulta de productos disponibles realizada
[2025-11-30T02:01:11.519Z] INFO: Listado de todos los productos disponibles consultado
[2025-11-30T02:01:13.062Z] INFO: Historial de pedidos obtenido para usuario ID: 3
[2025-11-30T02:01:13.062Z] INFO: Historial de pedidos consultado por usuario ID 3
[2025-11-30T02:03:40.674Z] INFO: Perfil solicitado para el usuario ID: 3
[2025-11-30T02:03:40.675Z] INFO: Perfil consultado para el usuario ID: 3
[2025-11-30T02:03:42.660Z] INFO: Lista de vendedores obtenida correctamente
[2025-11-30T02:03:42.660Z] INFO: Consulta de todos los vendedores realizada
[2025-11-30T02:03:48.349Z] INFO: Lista de vendedores obtenida correctamente
[2025-11-30T02:03:48.349Z] INFO: Consulta de todos los vendedores realizada
[2025-11-30T02:03:49.687Z] INFO: Consulta de productos disponibles realizada
[2025-11-30T02:03:49.688Z] INFO: Listado de todos los productos disponibles consultado
[2025-11-30T02:04:07.728Z] INFO: Login exitoso para: juanclbici@gmail.com
[2025-11-30T02:04:07.729Z] INFO: Inicio de sesión exitoso para: juanclbici@gmail.com
[2025-11-30T02:04:07.771Z] INFO: Perfil solicitado para el usuario ID: 2
[2025-11-30T02:04:07.772Z] INFO: Perfil consultado para el usuario ID: 2
[2025-11-30T02:04:07.875Z] INFO: Listado de todas las categorías obtenido
[2025-11-30T02:04:07.878Z] INFO: Consulta de productos disponibles realizada
[2025-11-30T02:04:07.879Z] INFO: Listado de todos los productos disponibles consultado
[2025-11-30T02:04:10.127Z] INFO: Historial de pedidos obtenido para usuario ID: 2
[2025-11-30T02:04:10.127Z] INFO: Historial de pedidos consultado por usuario ID 2
[2025-11-30T02:04:15.474Z] INFO: Pedidos del vendedor ID 2 obtenidos
[2025-11-30T02:04:15.474Z] INFO: Pedidos del vendedor ID 2 consultados
[2025-11-30T02:04:22.446Z] INFO: Listado de todas las categorías obtenido
[2025-11-30T02:04:22.494Z] INFO: Productos del vendedor ID 2 consultados
[2025-11-30T02:04:22.494Z] INFO: Productos del vendedor consultados - ID Vendedor: 2
[2025-11-30T02:04:27.494Z] INFO: Lista de vendedores obtenida correctamente
[2025-11-30T02:04:27.494Z] INFO: Consulta de todos los vendedores realizada
[2025-11-30T02:04:35.023Z] INFO: Pedido confirmado - ID: 58
[2025-11-30T02:04:35.050Z] INFO: Pedido confirmado ID 58 por vendedor ID 2
[2025-11-30T02:04:35.153Z] INFO: Pedidos del vendedor ID 2 obtenidos
[2025-11-30T02:04:35.154Z] INFO: Pedidos del vendedor ID 2 consultados
[2025-11-30T02:04:39.498Z] INFO: Pedido entregado - ID: 58
[2025-11-30T02:04:39.509Z] INFO: Pedido marcado como entregado ID 58 por vendedor ID 2
[2025-11-30T02:04:39.544Z] INFO: Pedidos del vendedor ID 2 obtenidos
[2025-11-30T02:04:39.545Z] INFO: Pedidos del vendedor ID 2 consultados
[2025-11-30T02:11:26.199Z] INFO: Cadena blockchain reparada desde bloque 1. Bloques afectados: 3
[2025-11-30T02:11:52.069Z] INFO: Pedido confirmado - ID: 57
[2025-11-30T02:11:52.081Z] INFO: Pedido confirmado ID 57 por vendedor ID 2
[2025-11-30T02:11:52.219Z] INFO: Pedidos del vendedor ID 2 obtenidos
[2025-11-30T02:11:52.220Z] INFO: Pedidos del vendedor ID 2 consultados
[2025-11-30T02:11:54.418Z] INFO: Pedido entregado - ID: 57
[2025-11-30T02:11:54.427Z] INFO: Pedido marcado como entregado ID 57 por vendedor ID 2
[2025-11-30T02:11:54.498Z] INFO: Pedidos del vendedor ID 2 obtenidos
[2025-11-30T02:11:54.498Z] INFO: Pedidos del vendedor ID 2 consultados
[2025-11-30T02:19:15.055Z] INFO: Cadena blockchain reparada desde bloque 1. Bloques afectados: 2
[2025-11-30T02:19:30.890Z] INFO: Pedido confirmado - ID: 56
[2025-11-30T02:19:30.891Z] INFO: Pedido confirmado ID 56 por vendedor ID 2
[2025-11-30T02:19:30.990Z] INFO: Pedidos del vendedor ID 2 obtenidos
[2025-11-30T02:19:30.991Z] INFO: Pedidos del vendedor ID 2 consultados
[2025-11-30T02:19:33.474Z] INFO: Pedido entregado - ID: 56
[2025-11-30T02:19:33.489Z] INFO: Pedido marcado como entregado ID 56 por vendedor ID 2
[2025-11-30T02:19:33.525Z] INFO: Pedidos del vendedor ID 2 obtenidos
[2025-11-30T02:19:33.525Z] INFO: Pedidos del vendedor ID 2 consultados
[2025-11-30T02:20:18.786Z] INFO: Cadena blockchain reparada desde bloque 1. Bloques afectados: 1
[2025-11-30T02:20:39.502Z] INFO: Pedido confirmado - ID: 37
[2025-11-30T02:20:39.503Z] INFO: Pedido confirmado ID 37 por vendedor ID 2
[2025-11-30T02:20:39.535Z] INFO: Pedidos del vendedor ID 2 obtenidos
[2025-11-30T02:20:39.535Z] INFO: Pedidos del vendedor ID 2 consultados
[2025-11-30T02:20:52.065Z] INFO: Pedido entregado - ID: 37
[2025-11-30T02:20:52.074Z] INFO: Pedido marcado como entregado ID 37 por vendedor ID 2
[2025-11-30T02:20:52.171Z] INFO: Pedidos del vendedor ID 2 obtenidos
[2025-11-30T02:20:52.172Z] INFO: Pedidos del vendedor ID 2 consultados
[2025-11-30T02:21:59.749Z] INFO: Cadena blockchain reparada desde bloque 1. Bloques afectados: 1
[2025-11-30T02:22:42.016Z] INFO: Pedido confirmado - ID: 39
[2025-11-30T02:22:42.018Z] INFO: Pedido confirmado ID 39 por vendedor ID 2
[2025-11-30T02:22:42.058Z] INFO: Pedidos del vendedor ID 2 obtenidos
[2025-11-30T02:22:42.058Z] INFO: Pedidos del vendedor ID 2 consultados
[2025-11-30T02:22:52.455Z] INFO: Pedido entregado - ID: 39
[2025-11-30T02:22:52.471Z] INFO: Pedido marcado como entregado ID 39 por vendedor ID 2
[2025-11-30T02:22:52.564Z] INFO: Pedidos del vendedor ID 2 obtenidos
[2025-11-30T02:22:52.564Z] INFO: Pedidos del vendedor ID 2 consultados
[2025-11-30T02:29:10.614Z] INFO: Cadena blockchain reparada desde bloque 1. Bloques afectados: 1
[2025-11-30T02:29:16.027Z] INFO: Pedido confirmado - ID: 55
[2025-11-30T02:29:16.028Z] INFO: Pedido confirmado ID 55 por vendedor ID 2
[2025-11-30T02:29:16.122Z] INFO: Pedidos del vendedor ID 2 obtenidos
[2025-11-30T02:29:16.123Z] INFO: Pedidos del vendedor ID 2 consultados
[2025-11-30T02:29:21.399Z] INFO: Pedido entregado - ID: 55
[2025-11-30T02:29:21.411Z] INFO: Pedido marcado como entregado ID 55 por vendedor ID 2
[2025-11-30T02:29:21.497Z] INFO: Pedidos del vendedor ID 2 obtenidos
[2025-11-30T02:29:21.498Z] INFO: Pedidos del vendedor ID 2 consultados
[2025-11-30T02:33:13.470Z] INFO: Pedido confirmado - ID: 54
[2025-11-30T02:33:13.472Z] INFO: Pedido confirmado ID 54 por vendedor ID 2
[2025-11-30T02:33:13.594Z] INFO: Pedidos del vendedor ID 2 obtenidos
[2025-11-30T02:33:13.594Z] INFO: Pedidos del vendedor ID 2 consultados
[2025-11-30T02:33:16.844Z] INFO: Pedido entregado - ID: 54
[2025-11-30T02:33:16.858Z] INFO: Pedido marcado como entregado ID 54 por vendedor ID 2
[2025-11-30T02:33:16.948Z] INFO: Pedidos del vendedor ID 2 obtenidos
[2025-11-30T02:33:16.948Z] INFO: Pedidos del vendedor ID 2 consultados
[2025-11-30T02:38:39.470Z] INFO: Cadena blockchain reparada desde bloque 0. Bloques afectados: 2
[2025-11-30T02:38:49.370Z] INFO: Pedido confirmado - ID: 53
[2025-11-30T02:38:49.370Z] INFO: Pedido confirmado ID 53 por vendedor ID 2
[2025-11-30T02:38:49.459Z] INFO: Pedidos del vendedor ID 2 obtenidos
[2025-11-30T02:38:49.460Z] INFO: Pedidos del vendedor ID 2 consultados
[2025-11-30T02:38:51.009Z] INFO: Pedido entregado - ID: 53
[2025-11-30T02:38:51.022Z] INFO: Pedido marcado como entregado ID 53 por vendedor ID 2
[2025-11-30T02:38:51.091Z] INFO: Pedidos del vendedor ID 2 obtenidos
[2025-11-30T02:38:51.091Z] INFO: Pedidos del vendedor ID 2 consultados
[2025-11-30T02:39:10.394Z] INFO: Pedido confirmado - ID: 52
[2025-11-30T02:39:10.394Z] INFO: Pedido confirmado ID 52 por vendedor ID 2
[2025-11-30T02:39:10.503Z] INFO: Pedidos del vendedor ID 2 obtenidos
[2025-11-30T02:39:10.503Z] INFO: Pedidos del vendedor ID 2 consultados
[2025-11-30T02:39:12.445Z] INFO: Pedido entregado - ID: 52
[2025-11-30T02:39:12.454Z] INFO: Pedido marcado como entregado ID 52 por vendedor ID 2
[2025-11-30T02:39:12.542Z] INFO: Pedidos del vendedor ID 2 obtenidos
[2025-11-30T02:39:12.543Z] INFO: Pedidos del vendedor ID 2 consultados
[2025-11-30T02:39:13.393Z] INFO: Pedido confirmado - ID: 51
[2025-11-30T02:39:13.394Z] INFO: Pedido confirmado ID 51 por vendedor ID 2
[2025-11-30T02:39:13.469Z] INFO: Pedidos del vendedor ID 2 obtenidos
[2025-11-30T02:39:13.470Z] INFO: Pedidos del vendedor ID 2 consultados
[2025-11-30T02:39:14.910Z] INFO: Pedido entregado - ID: 51
[2025-11-30T02:39:14.920Z] INFO: Pedido marcado como entregado ID 51 por vendedor ID 2
[2025-11-30T02:39:15.000Z] INFO: Pedidos del vendedor ID 2 obtenidos
[2025-11-30T02:39:15.001Z] INFO: Pedidos del vendedor ID 2 consultados
[2025-11-30T02:39:15.799Z] INFO: Pedido confirmado - ID: 50
[2025-11-30T02:39:15.799Z] INFO: Pedido confirmado ID 50 por vendedor ID 2
[2025-11-30T02:39:15.822Z] INFO: Pedidos del vendedor ID 2 obtenidos
[2025-11-30T02:39:15.823Z] INFO: Pedidos del vendedor ID 2 consultados
[2025-11-30T02:39:17.487Z] INFO: Pedido entregado - ID: 50
[2025-11-30T02:39:17.497Z] INFO: Pedido marcado como entregado ID 50 por vendedor ID 2
[2025-11-30T02:39:17.578Z] INFO: Pedidos del vendedor ID 2 obtenidos
[2025-11-30T02:39:17.579Z] INFO: Pedidos del vendedor ID 2 consultados
[2025-11-30T02:41:25.095Z] INFO: Pedido confirmado - ID: 49
[2025-11-30T02:41:25.097Z] INFO: Pedido confirmado ID 49 por vendedor ID 2
[2025-11-30T02:41:25.210Z] INFO: Pedidos del vendedor ID 2 obtenidos
[2025-11-30T02:41:25.211Z] INFO: Pedidos del vendedor ID 2 consultados
[2025-11-30T02:41:26.970Z] INFO: Pedido entregado - ID: 49
[2025-11-30T02:41:26.981Z] INFO: Pedido marcado como entregado ID 49 por vendedor ID 2
[2025-11-30T02:41:28.020Z] INFO: Pedidos del vendedor ID 2 obtenidos
[2025-11-30T02:41:28.021Z] INFO: Pedidos del vendedor ID 2 consultados
[2025-11-30T02:41:45.182Z] INFO: Cadena blockchain reparada desde bloque 0. Bloques afectados: 6
[2025-11-30T02:42:14.065Z] INFO: Cadena blockchain reparada desde bloque 0. Bloques afectados: 6
[2025-11-30T02:42:23.907Z] INFO: Pedido confirmado - ID: 48
[2025-11-30T02:42:23.908Z] INFO: Pedido confirmado ID 48 por vendedor ID 2
[2025-11-30T02:42:24.029Z] INFO: Pedidos del vendedor ID 2 obtenidos
[2025-11-30T02:42:24.030Z] INFO: Pedidos del vendedor ID 2 consultados
[2025-11-30T02:42:25.578Z] INFO: Pedido entregado - ID: 48
[2025-11-30T02:42:25.592Z] INFO: Pedido marcado como entregado ID 48 por vendedor ID 2
[2025-11-30T02:42:25.653Z] INFO: Pedidos del vendedor ID 2 obtenidos
[2025-11-30T02:42:25.654Z] INFO: Pedidos del vendedor ID 2 consultados
[2025-11-30T02:42:26.450Z] INFO: Pedido confirmado - ID: 47
[2025-11-30T02:42:26.450Z] INFO: Pedido confirmado ID 47 por vendedor ID 2
[2025-11-30T02:42:26.536Z] INFO: Pedidos del vendedor ID 2 obtenidos
[2025-11-30T02:42:26.536Z] INFO: Pedidos del vendedor ID 2 consultados
[2025-11-30T02:42:28.076Z] INFO: Pedido entregado - ID: 47
[2025-11-30T02:42:28.087Z] INFO: Pedido marcado como entregado ID 47 por vendedor ID 2
[2025-11-30T02:42:28.153Z] INFO: Pedidos del vendedor ID 2 obtenidos
[2025-11-30T02:42:28.154Z] INFO: Pedidos del vendedor ID 2 consultados
[2025-11-30T02:42:33.162Z] INFO: Pedido confirmado - ID: 46
[2025-11-30T02:42:33.162Z] INFO: Pedido confirmado ID 46 por vendedor ID 2
[2025-11-30T02:42:33.274Z] INFO: Pedidos del vendedor ID 2 obtenidos
[2025-11-30T02:42:33.274Z] INFO: Pedidos del vendedor ID 2 consultados
[2025-11-30T02:42:35.238Z] INFO: Pedido entregado - ID: 46
[2025-11-30T02:42:35.246Z] INFO: Pedido marcado como entregado ID 46 por vendedor ID 2
[2025-11-30T02:42:35.305Z] INFO: Pedidos del vendedor ID 2 obtenidos
[2025-11-30T02:42:35.306Z] INFO: Pedidos del vendedor ID 2 consultados
[2025-11-30T02:45:24.126Z] INFO: Pedido confirmado - ID: 45
[2025-11-30T02:45:24.127Z] INFO: Pedido confirmado ID 45 por vendedor ID 2
[2025-11-30T02:45:24.229Z] INFO: Pedidos del vendedor ID 2 obtenidos
[2025-11-30T02:45:24.229Z] INFO: Pedidos del vendedor ID 2 consultados
[2025-11-30T02:45:25.838Z] INFO: Pedido entregado - ID: 45
[2025-11-30T02:45:25.853Z] INFO: Pedido marcado como entregado ID 45 por vendedor ID 2
[2025-11-30T02:45:25.975Z] INFO: Pedidos del vendedor ID 2 obtenidos
[2025-11-30T02:45:25.975Z] INFO: Pedidos del vendedor ID 2 consultados
[2025-11-30T02:49:52.120Z] INFO: Pedido cancelado - ID: 44
[2025-11-30T02:49:52.121Z] INFO: Pedido cancelado ID 44 por usuario ID 2
[2025-11-30T02:49:52.163Z] INFO: Pedidos del vendedor ID 2 obtenidos
[2025-11-30T02:49:52.163Z] INFO: Pedidos del vendedor ID 2 consultados
[2025-11-30T02:58:44.478Z] INFO: Pedido confirmado - ID: 43
[2025-11-30T02:58:44.479Z] INFO: Pedido confirmado ID 43 por vendedor ID 2
[2025-11-30T02:58:44.566Z] INFO: Pedidos del vendedor ID 2 obtenidos
[2025-11-30T02:58:44.567Z] INFO: Pedidos del vendedor ID 2 consultados
[2025-11-30T02:58:47.409Z] INFO: Pedido cancelado - ID: 43
[2025-11-30T02:58:47.422Z] INFO: Pedido cancelado ID 43 por usuario ID 2
[2025-11-30T02:58:47.460Z] INFO: Pedidos del vendedor ID 2 obtenidos
[2025-11-30T02:58:47.461Z] INFO: Pedidos del vendedor ID 2 consultados
[2025-11-30T02:58:53.115Z] INFO: Pedido confirmado - ID: 42
[2025-11-30T02:58:53.115Z] INFO: Pedido confirmado ID 42 por vendedor ID 2
[2025-11-30T02:58:53.189Z] INFO: Pedidos del vendedor ID 2 obtenidos
[2025-11-30T02:58:53.190Z] INFO: Pedidos del vendedor ID 2 consultados
[2025-11-30T02:58:55.322Z] INFO: Pedido cancelado - ID: 42
[2025-11-30T02:58:55.331Z] INFO: Pedido cancelado ID 42 por usuario ID 2
[2025-11-30T02:58:55.358Z] INFO: Pedidos del vendedor ID 2 obtenidos
[2025-11-30T02:58:55.358Z] INFO: Pedidos del vendedor ID 2 consultados
[2025-11-30T02:59:00.262Z] INFO: Pedido cancelado - ID: 41
[2025-11-30T02:59:00.262Z] INFO: Pedido cancelado ID 41 por usuario ID 2
[2025-11-30T02:59:00.334Z] INFO: Pedidos del vendedor ID 2 obtenidos
[2025-11-30T02:59:00.334Z] INFO: Pedidos del vendedor ID 2 consultados
[2025-11-30T02:59:05.522Z] INFO: Pedido cancelado - ID: 40
[2025-11-30T02:59:05.523Z] INFO: Pedido cancelado ID 40 por usuario ID 2
[2025-11-30T02:59:05.582Z] INFO: Pedidos del vendedor ID 2 obtenidos
[2025-11-30T02:59:05.582Z] INFO: Pedidos del vendedor ID 2 consultados
[2025-11-30T02:59:07.965Z] INFO: Pedido confirmado - ID: 38
[2025-11-30T02:59:07.965Z] INFO: Pedido confirmado ID 38 por vendedor ID 2
[2025-11-30T02:59:08.042Z] INFO: Pedidos del vendedor ID 2 obtenidos
[2025-11-30T02:59:08.042Z] INFO: Pedidos del vendedor ID 2 consultados
[2025-11-30T02:59:09.968Z] INFO: Pedido entregado - ID: 38
[2025-11-30T02:59:09.977Z] INFO: Pedido marcado como entregado ID 38 por vendedor ID 2
[2025-11-30T02:59:10.098Z] INFO: Pedidos del vendedor ID 2 obtenidos
[2025-11-30T02:59:10.098Z] INFO: Pedidos del vendedor ID 2 consultados
[2025-11-30T02:59:33.434Z] INFO: Pedido confirmado - ID: 36
[2025-11-30T02:59:33.435Z] INFO: Pedido confirmado ID 36 por vendedor ID 2
[2025-11-30T02:59:33.532Z] INFO: Pedidos del vendedor ID 2 obtenidos
[2025-11-30T02:59:33.532Z] INFO: Pedidos del vendedor ID 2 consultados
[2025-11-30T02:59:35.677Z] INFO: Pedido confirmado - ID: 35
[2025-11-30T02:59:35.677Z] INFO: Pedido confirmado ID 35 por vendedor ID 2
[2025-11-30T02:59:35.703Z] INFO: Pedidos del vendedor ID 2 obtenidos
[2025-11-30T02:59:35.703Z] INFO: Pedidos del vendedor ID 2 consultados
[2025-11-30T02:59:53.528Z] WARN: Login fallido - Contraseña incorrecta para: luis@alumnos.udg.mx
[2025-11-30T02:59:53.528Z] WARN: Error de login para luis@alumnos.udg.mx: Credenciales inválidas
[2025-11-30T02:59:56.887Z] WARN: Login fallido - Contraseña incorrecta para: luis@alumnos.udg.mx
[2025-11-30T02:59:56.888Z] WARN: Error de login para luis@alumnos.udg.mx: Credenciales inválidas
[2025-11-30T03:00:08.644Z] INFO: Login exitoso para: luis@alumnos.udg.mx
[2025-11-30T03:00:08.644Z] INFO: Inicio de sesión exitoso para: luis@alumnos.udg.mx
[2025-11-30T03:00:08.685Z] INFO: Perfil solicitado para el usuario ID: 3
[2025-11-30T03:00:08.686Z] INFO: Perfil consultado para el usuario ID: 3
[2025-11-30T03:00:08.833Z] INFO: Listado de todas las categorías obtenido
[2025-11-30T03:00:08.860Z] INFO: Consulta de productos disponibles realizada
[2025-11-30T03:00:08.860Z] INFO: Listado de todos los productos disponibles consultado
[2025-11-30T03:00:14.679Z] INFO: Historial de pedidos obtenido para usuario ID: 3
[2025-11-30T03:00:14.680Z] INFO: Historial de pedidos consultado por usuario ID 3
[2025-11-30T03:00:22.601Z] INFO: Pedido cancelado - ID: 36
[2025-11-30T03:00:22.615Z] INFO: Pedido cancelado ID 36 por usuario ID 3
[2025-11-30T03:00:22.659Z] INFO: Historial de pedidos obtenido para usuario ID: 3
[2025-11-30T03:00:22.660Z] INFO: Historial de pedidos consultado por usuario ID 3
[2025-11-30T03:00:59.997Z] INFO: Pedido cancelado - ID: 35
[2025-11-30T03:01:00.006Z] INFO: Pedido cancelado ID 35 por usuario ID 3
[2025-11-30T03:01:00.056Z] INFO: Historial de pedidos obtenido para usuario ID: 3
[2025-11-30T03:01:00.057Z] INFO: Historial de pedidos consultado por usuario ID 3
[2025-11-30T04:46:38.537Z] INFO: Perfil solicitado para el usuario ID: 3
[2025-11-30T04:46:38.538Z] INFO: Perfil consultado para el usuario ID: 3
[2025-11-30T04:46:39.497Z] INFO: Listado de todas las categorías obtenido
[2025-11-30T04:46:39.504Z] INFO: Consulta de productos disponibles realizada
[2025-11-30T04:46:39.504Z] INFO: Listado de todos los productos disponibles consultado
[2025-11-30T04:46:44.915Z] INFO: Perfil solicitado para el usuario ID: 3
[2025-11-30T04:46:44.916Z] INFO: Perfil consultado para el usuario ID: 3
[2025-11-30T04:46:46.061Z] INFO: Lista de vendedores obtenida correctamente
[2025-11-30T04:46:46.061Z] INFO: Consulta de todos los vendedores realizada
[2025-11-30T04:46:47.271Z] INFO: Pedido creado exitosamente - ID: 59
[2025-11-30T04:46:47.271Z] INFO: Pedido creado con ID 59 por usuario ID 3
[2025-11-30T04:46:50.428Z] INFO: Historial de pedidos obtenido para usuario ID: 3
[2025-11-30T04:46:50.429Z] INFO: Historial de pedidos consultado por usuario ID 3
[2025-11-30T04:47:18.880Z] INFO: Consulta de productos disponibles realizada
[2025-11-30T04:47:18.880Z] INFO: Listado de todos los productos disponibles consultado
[2025-11-30T04:47:18.884Z] INFO: Listado de todas las categorías obtenido
[2025-11-30T04:47:21.041Z] INFO: Perfil solicitado para el usuario ID: 3
[2025-11-30T04:47:21.041Z] INFO: Perfil consultado para el usuario ID: 3
[2025-11-30T04:47:22.088Z] INFO: Lista de vendedores obtenida correctamente
[2025-11-30T04:47:22.089Z] INFO: Consulta de todos los vendedores realizada
[2025-11-30T04:47:23.344Z] INFO: Pedido creado exitosamente - ID: 60
[2025-11-30T04:47:23.344Z] INFO: Pedido creado con ID 60 por usuario ID 3
[2025-11-30T04:47:41.164Z] INFO: Historial de pedidos obtenido para usuario ID: 3
[2025-11-30T04:47:41.165Z] INFO: Historial de pedidos consultado por usuario ID 3
[2025-11-30T04:47:50.008Z] INFO: Lista de vendedores obtenida correctamente
[2025-11-30T04:47:50.009Z] INFO: Consulta de todos los vendedores realizada
[2025-11-30T04:47:51.768Z] INFO: Consulta de productos disponibles realizada
[2025-11-30T04:47:51.768Z] INFO: Listado de todos los productos disponibles consultado
[2025-11-30T04:48:08.174Z] INFO: Login exitoso para: juanclbici@gmail.com
[2025-11-30T04:48:08.174Z] INFO: Inicio de sesión exitoso para: juanclbici@gmail.com
[2025-11-30T04:48:08.311Z] INFO: Perfil solicitado para el usuario ID: 2
[2025-11-30T04:48:08.312Z] INFO: Perfil consultado para el usuario ID: 2
[2025-11-30T04:48:08.581Z] INFO: Listado de todas las categorías obtenido
[2025-11-30T04:48:08.583Z] INFO: Consulta de productos disponibles realizada
[2025-11-30T04:48:08.583Z] INFO: Listado de todos los productos disponibles consultado
[2025-11-30T04:48:12.806Z] INFO: Pedidos del vendedor ID 2 obtenidos
[2025-11-30T04:48:12.807Z] INFO: Pedidos del vendedor ID 2 consultados
[2025-11-30T04:48:15.786Z] INFO: Pedido confirmado - ID: 60
[2025-11-30T04:48:15.787Z] INFO: Pedido confirmado ID 60 por vendedor ID 2
[2025-11-30T04:48:15.898Z] INFO: Pedidos del vendedor ID 2 obtenidos
[2025-11-30T04:48:15.898Z] INFO: Pedidos del vendedor ID 2 consultados
[2025-11-30T04:48:18.064Z] INFO: Pedido entregado - ID: 60
[2025-11-30T04:48:18.100Z] INFO: Pedido marcado como entregado ID 60 por vendedor ID 2
[2025-11-30T04:48:18.134Z] INFO: Pedidos del vendedor ID 2 obtenidos
[2025-11-30T04:48:18.134Z] INFO: Pedidos del vendedor ID 2 consultados
[2025-11-30T04:48:24.067Z] INFO: Pedido confirmado - ID: 59
[2025-11-30T04:48:24.067Z] INFO: Pedido confirmado ID 59 por vendedor ID 2
[2025-11-30T04:48:24.101Z] INFO: Pedidos del vendedor ID 2 obtenidos
[2025-11-30T04:48:24.101Z] INFO: Pedidos del vendedor ID 2 consultados
[2025-11-30T04:48:26.739Z] INFO: Pedido cancelado - ID: 59
[2025-11-30T04:48:26.747Z] INFO: Pedido cancelado ID 59 por usuario ID 2
[2025-11-30T04:48:26.841Z] INFO: Pedidos del vendedor ID 2 obtenidos
[2025-11-30T04:48:26.842Z] INFO: Pedidos del vendedor ID 2 consultados
[2025-11-30T04:48:30.229Z] INFO: Pedido confirmado - ID: 34
[2025-11-30T04:48:30.230Z] INFO: Pedido confirmado ID 34 por vendedor ID 2
[2025-11-30T04:48:30.463Z] INFO: Pedidos del vendedor ID 2 obtenidos
[2025-11-30T04:48:30.463Z] INFO: Pedidos del vendedor ID 2 consultados
[2025-11-30T04:48:32.230Z] INFO: Pedido confirmado - ID: 33
[2025-11-30T04:48:32.231Z] INFO: Pedido confirmado ID 33 por vendedor ID 2
[2025-11-30T04:48:32.519Z] INFO: Pedidos del vendedor ID 2 obtenidos
[2025-11-30T04:48:32.520Z] INFO: Pedidos del vendedor ID 2 consultados
[2025-11-30T04:48:46.101Z] INFO: Login exitoso para: luis@alumnos.udg.mx
[2025-11-30T04:48:46.102Z] INFO: Inicio de sesión exitoso para: luis@alumnos.udg.mx
[2025-11-30T04:48:46.143Z] INFO: Perfil solicitado para el usuario ID: 3
[2025-11-30T04:48:46.143Z] INFO: Perfil consultado para el usuario ID: 3
[2025-11-30T04:48:46.260Z] INFO: Listado de todas las categorías obtenido
[2025-11-30T04:48:46.272Z] INFO: Consulta de productos disponibles realizada
[2025-11-30T04:48:46.272Z] INFO: Listado de todos los productos disponibles consultado
[2025-11-30T04:48:47.812Z] INFO: Historial de pedidos obtenido para usuario ID: 3
[2025-11-30T04:48:47.812Z] INFO: Historial de pedidos consultado por usuario ID 3
[2025-11-30T04:48:51.909Z] INFO: Pedido cancelado - ID: 34
[2025-11-30T04:48:51.920Z] INFO: Pedido cancelado ID 34 por usuario ID 3
[2025-11-30T04:48:51.948Z] INFO: Historial de pedidos obtenido para usuario ID: 3
[2025-11-30T04:48:51.948Z] INFO: Historial de pedidos consultado por usuario ID 3
[2025-11-30T04:49:24.165Z] INFO: Pedido cancelado - ID: 33
[2025-11-30T04:49:24.174Z] INFO: Pedido cancelado ID 33 por usuario ID 3
[2025-11-30T04:49:24.254Z] INFO: Historial de pedidos obtenido para usuario ID: 3
[2025-11-30T04:49:24.254Z] INFO: Historial de pedidos consultado por usuario ID 3
[2025-11-30T04:49:37.610Z] INFO: Pedido cancelado - ID: 32
[2025-11-30T04:49:37.610Z] INFO: Pedido cancelado ID 32 por usuario ID 3
[2025-11-30T04:49:37.761Z] INFO: Historial de pedidos obtenido para usuario ID: 3
[2025-11-30T04:49:37.761Z] INFO: Historial de pedidos consultado por usuario ID 3
[2025-11-30T04:54:19.417Z] INFO: Listado de todas las categorías obtenido
[2025-11-30T04:54:19.427Z] INFO: Consulta de productos disponibles realizada
[2025-11-30T04:54:19.428Z] INFO: Listado de todos los productos disponibles consultado
[2025-11-30T04:54:21.900Z] INFO: Perfil solicitado para el usuario ID: 3
[2025-11-30T04:54:21.900Z] INFO: Perfil consultado para el usuario ID: 3
[2025-11-30T04:54:23.080Z] INFO: Perfil solicitado para el usuario ID: 3
[2025-11-30T04:54:23.080Z] INFO: Perfil consultado para el usuario ID: 3
[2025-11-30T04:54:23.751Z] INFO: Perfil solicitado para el usuario ID: 3
[2025-11-30T04:54:23.751Z] INFO: Perfil consultado para el usuario ID: 3
[2025-11-30T04:54:24.550Z] INFO: Lista de vendedores obtenida correctamente
[2025-11-30T04:54:24.551Z] INFO: Consulta de todos los vendedores realizada
[2025-11-30T04:54:26.895Z] INFO: Pedido creado exitosamente - ID: 61
[2025-11-30T04:54:26.896Z] INFO: Pedido creado con ID 61 por usuario ID 3
[2025-11-30T04:54:28.304Z] INFO: Listado de todas las categorías obtenido
[2025-11-30T04:54:28.307Z] INFO: Consulta de productos disponibles realizada
[2025-11-30T04:54:28.307Z] INFO: Listado de todos los productos disponibles consultado
[2025-11-30T04:54:29.591Z] INFO: Perfil solicitado para el usuario ID: 3
[2025-11-30T04:54:29.591Z] INFO: Perfil consultado para el usuario ID: 3
[2025-11-30T04:54:30.588Z] INFO: Lista de vendedores obtenida correctamente
[2025-11-30T04:54:30.589Z] INFO: Consulta de todos los vendedores realizada
[2025-11-30T04:54:31.902Z] INFO: Pedido creado exitosamente - ID: 62
[2025-11-30T04:54:31.902Z] INFO: Pedido creado con ID 62 por usuario ID 3
[2025-11-30T04:54:32.688Z] INFO: Historial de pedidos obtenido para usuario ID: 3
[2025-11-30T04:54:32.688Z] INFO: Historial de pedidos consultado por usuario ID 3
[2025-11-30T04:54:51.319Z] INFO: Login exitoso para: juanclbici@gmail.com
[2025-11-30T04:54:51.319Z] INFO: Inicio de sesión exitoso para: juanclbici@gmail.com
[2025-11-30T04:54:51.372Z] INFO: Perfil solicitado para el usuario ID: 2
[2025-11-30T04:54:51.372Z] INFO: Perfil consultado para el usuario ID: 2
[2025-11-30T04:54:51.538Z] INFO: Listado de todas las categorías obtenido
[2025-11-30T04:54:51.545Z] INFO: Consulta de productos disponibles realizada
[2025-11-30T04:54:51.545Z] INFO: Listado de todos los productos disponibles consultado
[2025-11-30T04:54:54.594Z] INFO: Listado de todas las categorías obtenido
[2025-11-30T04:54:54.624Z] INFO: Productos del vendedor ID 2 consultados
[2025-11-30T04:54:54.624Z] INFO: Productos del vendedor consultados - ID Vendedor: 2
[2025-11-30T04:54:59.913Z] INFO: Pedidos del vendedor ID 2 obtenidos
[2025-11-30T04:54:59.913Z] INFO: Pedidos del vendedor ID 2 consultados
[2025-11-30T04:55:03.057Z] INFO: Pedido confirmado - ID: 61
[2025-11-30T04:55:03.057Z] INFO: Pedido confirmado ID 61 por vendedor ID 2
[2025-11-30T04:55:03.082Z] INFO: Pedidos del vendedor ID 2 obtenidos
[2025-11-30T04:55:03.082Z] INFO: Pedidos del vendedor ID 2 consultados
[2025-11-30T04:55:07.427Z] INFO: Pedido entregado - ID: 61
[2025-11-30T04:55:07.443Z] INFO: Pedido marcado como entregado ID 61 por vendedor ID 2
[2025-11-30T04:55:07.477Z] INFO: Pedidos del vendedor ID 2 obtenidos
[2025-11-30T04:55:07.478Z] INFO: Pedidos del vendedor ID 2 consultados
[2025-11-30T04:55:54.892Z] INFO: Pedido confirmado - ID: 62
[2025-11-30T04:55:54.892Z] INFO: Pedido confirmado ID 62 por vendedor ID 2
[2025-11-30T04:55:55.013Z] INFO: Pedidos del vendedor ID 2 obtenidos
[2025-11-30T04:55:55.014Z] INFO: Pedidos del vendedor ID 2 consultados
[2025-11-30T04:56:15.441Z] INFO: Pedido confirmado - ID: 29
[2025-11-30T04:56:15.442Z] INFO: Pedido confirmado ID 29 por vendedor ID 2
[2025-11-30T04:56:15.580Z] INFO: Pedidos del vendedor ID 2 obtenidos
[2025-11-30T04:56:15.581Z] INFO: Pedidos del vendedor ID 2 consultados
[2025-11-30T04:56:21.993Z] INFO: Pedido cancelado - ID: 29
[2025-11-30T04:56:22.003Z] INFO: Pedido cancelado ID 29 por usuario ID 2
[2025-11-30T04:56:22.035Z] INFO: Pedidos del vendedor ID 2 obtenidos
[2025-11-30T04:56:22.035Z] INFO: Pedidos del vendedor ID 2 consultados
[2025-11-30T04:57:15.554Z] INFO: Login exitoso para: luis@alumnos.udg.mx
[2025-11-30T04:57:15.554Z] INFO: Inicio de sesión exitoso para: luis@alumnos.udg.mx
[2025-11-30T04:57:15.596Z] INFO: Perfil solicitado para el usuario ID: 3
[2025-11-30T04:57:15.596Z] INFO: Perfil consultado para el usuario ID: 3
[2025-11-30T04:57:15.696Z] INFO: Listado de todas las categorías obtenido
[2025-11-30T04:57:15.702Z] INFO: Consulta de productos disponibles realizada
[2025-11-30T04:57:15.702Z] INFO: Listado de todos los productos disponibles consultado
[2025-11-30T04:57:17.590Z] INFO: Historial de pedidos obtenido para usuario ID: 3
[2025-11-30T04:57:17.591Z] INFO: Historial de pedidos consultado por usuario ID 3
[2025-11-30T04:57:21.499Z] INFO: Pedido cancelado - ID: 62
[2025-11-30T04:57:21.511Z] INFO: Pedido cancelado ID 62 por usuario ID 3
[2025-11-30T04:57:21.785Z] INFO: Historial de pedidos obtenido para usuario ID: 3
[2025-11-30T04:57:21.785Z] INFO: Historial de pedidos consultado por usuario ID 3
[2025-11-30T05:00:02.950Z] INFO: Listado de todas las categorías obtenido
[2025-11-30T05:00:02.959Z] INFO: Consulta de productos disponibles realizada
[2025-11-30T05:00:02.959Z] INFO: Listado de todos los productos disponibles consultado
[2025-11-30T05:00:04.323Z] INFO: Perfil solicitado para el usuario ID: 3
[2025-11-30T05:00:04.323Z] INFO: Perfil consultado para el usuario ID: 3
[2025-11-30T05:00:05.076Z] INFO: Perfil solicitado para el usuario ID: 3
[2025-11-30T05:00:05.077Z] INFO: Perfil consultado para el usuario ID: 3
[2025-11-30T05:00:05.913Z] INFO: Perfil solicitado para el usuario ID: 3
[2025-11-30T05:00:05.914Z] INFO: Perfil consultado para el usuario ID: 3
[2025-11-30T05:00:07.994Z] INFO: Lista de vendedores obtenida correctamente
[2025-11-30T05:00:07.994Z] INFO: Consulta de todos los vendedores realizada
[2025-11-30T05:00:09.264Z] ERROR: Error al crear pedido: Stock insuficiente para producto ID 13
[2025-11-30T05:00:09.264Z] ERROR: Error al crear pedido: Stock insuficiente para producto ID 13
[2025-11-30T05:00:15.017Z] ERROR: Error al crear pedido: Stock insuficiente para producto ID 13
[2025-11-30T05:00:15.017Z] ERROR: Error al crear pedido: Stock insuficiente para producto ID 13
[2025-11-30T05:00:21.479Z] INFO: Pedido creado exitosamente - ID: 63
[2025-11-30T05:00:21.479Z] INFO: Pedido creado con ID 63 por usuario ID 3
[2025-11-30T05:00:26.204Z] INFO: Consulta de productos disponibles realizada
[2025-11-30T05:00:26.204Z] INFO: Listado de todos los productos disponibles consultado
[2025-11-30T05:00:26.209Z] INFO: Listado de todas las categorías obtenido
[2025-11-30T05:00:27.833Z] INFO: Perfil solicitado para el usuario ID: 3
[2025-11-30T05:00:27.834Z] INFO: Perfil consultado para el usuario ID: 3
[2025-11-30T05:00:29.238Z] INFO: Lista de vendedores obtenida correctamente
[2025-11-30T05:00:29.239Z] INFO: Consulta de todos los vendedores realizada
[2025-11-30T05:00:30.953Z] INFO: Pedido creado exitosamente - ID: 64
[2025-11-30T05:00:30.953Z] INFO: Pedido creado con ID 64 por usuario ID 3
[2025-11-30T05:00:31.847Z] INFO: Listado de todas las categorías obtenido
[2025-11-30T05:00:31.849Z] INFO: Consulta de productos disponibles realizada
[2025-11-30T05:00:31.850Z] INFO: Listado de todos los productos disponibles consultado
[2025-11-30T05:00:34.164Z] INFO: Perfil solicitado para el usuario ID: 3
[2025-11-30T05:00:34.164Z] INFO: Perfil consultado para el usuario ID: 3
[2025-11-30T05:00:35.004Z] INFO: Lista de vendedores obtenida correctamente
[2025-11-30T05:00:35.005Z] INFO: Consulta de todos los vendedores realizada
[2025-11-30T05:00:36.058Z] INFO: Pedido creado exitosamente - ID: 65
[2025-11-30T05:00:36.059Z] INFO: Pedido creado con ID 65 por usuario ID 3
[2025-11-30T05:00:37.101Z] INFO: Listado de todas las categorías obtenido
[2025-11-30T05:00:37.110Z] INFO: Consulta de productos disponibles realizada
[2025-11-30T05:00:37.111Z] INFO: Listado de todos los productos disponibles consultado
[2025-11-30T05:00:40.777Z] INFO: Perfil solicitado para el usuario ID: 3
[2025-11-30T05:00:40.778Z] INFO: Perfil consultado para el usuario ID: 3
[2025-11-30T05:00:41.396Z] INFO: Lista de vendedores obtenida correctamente
[2025-11-30T05:00:41.396Z] INFO: Consulta de todos los vendedores realizada
[2025-11-30T05:00:43.091Z] INFO: Pedido creado exitosamente - ID: 66
[2025-11-30T05:00:43.092Z] INFO: Pedido creado con ID 66 por usuario ID 3
[2025-11-30T05:00:50.369Z] INFO: Listado de todas las categorías obtenido
[2025-11-30T05:00:50.371Z] INFO: Consulta de productos disponibles realizada
[2025-11-30T05:00:50.372Z] INFO: Listado de todos los productos disponibles consultado
[2025-11-30T05:00:52.713Z] INFO: Perfil solicitado para el usuario ID: 3
[2025-11-30T05:00:52.714Z] INFO: Perfil consultado para el usuario ID: 3
[2025-11-30T05:00:54.897Z] INFO: Perfil solicitado para el usuario ID: 3
[2025-11-30T05:00:54.898Z] INFO: Perfil consultado para el usuario ID: 3
[2025-11-30T05:00:56.306Z] INFO: Inbox generado para usuario ID 3 con 2 conversaciones
[2025-11-30T05:00:56.307Z] INFO: Inbox obtenido para usuario ID: 3
[2025-11-30T05:00:56.337Z] INFO: getAllUsers: 19 usuarios encontrados
[2025-11-30T05:00:56.337Z] INFO: Se obtuvo la lista de todos los usuarios (19)
[2025-11-30T05:00:56.864Z] INFO: Lista de vendedores obtenida correctamente
[2025-11-30T05:00:56.865Z] INFO: Consulta de todos los vendedores realizada
[2025-11-30T05:00:58.974Z] INFO: Pedido creado exitosamente - ID: 67
[2025-11-30T05:00:58.974Z] INFO: Pedido creado con ID 67 por usuario ID 3
[2025-11-30T05:01:29.885Z] INFO: Login exitoso para: juanclbici@gmail.com
[2025-11-30T05:01:29.885Z] INFO: Inicio de sesión exitoso para: juanclbici@gmail.com
[2025-11-30T05:01:29.920Z] INFO: Perfil solicitado para el usuario ID: 2
[2025-11-30T05:01:29.920Z] INFO: Perfil consultado para el usuario ID: 2
[2025-11-30T05:01:30.015Z] INFO: Listado de todas las categorías obtenido
[2025-11-30T05:01:30.019Z] INFO: Consulta de productos disponibles realizada
[2025-11-30T05:01:30.019Z] INFO: Listado de todos los productos disponibles consultado
[2025-11-30T05:02:18.361Z] INFO: Pedidos del vendedor ID 2 obtenidos
[2025-11-30T05:02:18.361Z] INFO: Pedidos del vendedor ID 2 consultados
[2025-11-30T05:02:21.472Z] INFO: Pedido confirmado - ID: 67
[2025-11-30T05:02:21.472Z] INFO: Pedido confirmado ID 67 por vendedor ID 2
[2025-11-30T05:02:21.504Z] INFO: Pedidos del vendedor ID 2 obtenidos
[2025-11-30T05:02:21.505Z] INFO: Pedidos del vendedor ID 2 consultados
[2025-11-30T05:02:44.104Z] INFO: Pedido entregado - ID: 67
[2025-11-30T05:02:44.120Z] INFO: Pedido marcado como entregado ID 67 por vendedor ID 2
[2025-11-30T05:02:44.240Z] INFO: Pedidos del vendedor ID 2 obtenidos
[2025-11-30T05:02:44.241Z] INFO: Pedidos del vendedor ID 2 consultados
[2025-11-30T05:02:55.848Z] INFO: Pedido confirmado - ID: 66
[2025-11-30T05:02:55.848Z] INFO: Pedido confirmado ID 66 por vendedor ID 2
[2025-11-30T05:02:55.964Z] INFO: Pedidos del vendedor ID 2 obtenidos
[2025-11-30T05:02:55.964Z] INFO: Pedidos del vendedor ID 2 consultados
[2025-11-30T05:02:58.958Z] INFO: Pedido cancelado - ID: 66
[2025-11-30T05:02:58.968Z] INFO: Pedido cancelado ID 66 por usuario ID 2
[2025-11-30T05:02:59.033Z] INFO: Pedidos del vendedor ID 2 obtenidos
[2025-11-30T05:02:59.034Z] INFO: Pedidos del vendedor ID 2 consultados
[2025-11-30T05:03:06.084Z] INFO: Pedido confirmado - ID: 65
[2025-11-30T05:03:06.084Z] INFO: Pedido confirmado ID 65 por vendedor ID 2
[2025-11-30T05:03:06.168Z] INFO: Pedidos del vendedor ID 2 obtenidos
[2025-11-30T05:03:06.168Z] INFO: Pedidos del vendedor ID 2 consultados
[2025-11-30T05:03:09.605Z] INFO: Pedido confirmado - ID: 64
[2025-11-30T05:03:09.606Z] INFO: Pedido confirmado ID 64 por vendedor ID 2
[2025-11-30T05:03:09.634Z] INFO: Pedidos del vendedor ID 2 obtenidos
[2025-11-30T05:03:09.634Z] INFO: Pedidos del vendedor ID 2 consultados
[2025-11-30T05:04:02.237Z] INFO: Login exitoso para: luis@alumnos.udg.mx
[2025-11-30T05:04:02.237Z] INFO: Inicio de sesión exitoso para: luis@alumnos.udg.mx
[2025-11-30T05:04:02.277Z] INFO: Perfil solicitado para el usuario ID: 3
[2025-11-30T05:04:02.278Z] INFO: Perfil consultado para el usuario ID: 3
[2025-11-30T05:04:02.387Z] INFO: Consulta de productos disponibles realizada
[2025-11-30T05:04:02.387Z] INFO: Listado de todos los productos disponibles consultado
[2025-11-30T05:04:02.392Z] INFO: Listado de todas las categorías obtenido
[2025-11-30T05:04:04.661Z] INFO: Lista de vendedores obtenida correctamente
[2025-11-30T05:04:04.661Z] INFO: Consulta de todos los vendedores realizada
[2025-11-30T05:04:05.738Z] INFO: Historial de pedidos obtenido para usuario ID: 3
[2025-11-30T05:04:05.739Z] INFO: Historial de pedidos consultado por usuario ID 3
[2025-11-30T05:04:17.113Z] INFO: Pedido cancelado - ID: 65
[2025-11-30T05:04:17.128Z] INFO: Pedido cancelado ID 65 por usuario ID 3
[2025-11-30T05:04:17.179Z] INFO: Historial de pedidos obtenido para usuario ID: 3
[2025-11-30T05:04:17.180Z] INFO: Historial de pedidos consultado por usuario ID 3
[2025-11-30T05:48:32.357Z] INFO: Lista de vendedores obtenida correctamente
[2025-11-30T05:48:32.358Z] INFO: Consulta de todos los vendedores realizada
[2025-11-30T05:48:34.106Z] INFO: Historial de pedidos obtenido para usuario ID: 3
[2025-11-30T05:48:34.106Z] INFO: Historial de pedidos consultado por usuario ID 3
[2025-11-30T05:48:39.924Z] INFO: Listado de todas las categorías obtenido
[2025-11-30T05:48:39.928Z] INFO: Consulta de productos disponibles realizada
[2025-11-30T05:48:39.929Z] INFO: Listado de todos los productos disponibles consultado
[2025-11-30T05:48:43.536Z] INFO: Perfil solicitado para el usuario ID: 3
[2025-11-30T05:48:43.536Z] INFO: Perfil consultado para el usuario ID: 3
[2025-11-30T05:48:50.262Z] INFO: Lista de vendedores obtenida correctamente
[2025-11-30T05:48:50.263Z] INFO: Consulta de todos los vendedores realizada
[2025-11-30T05:48:54.000Z] INFO: Consulta de productos disponibles realizada
[2025-11-30T05:48:54.001Z] INFO: Listado de todos los productos disponibles consultado
[2025-11-30T05:48:56.860Z] INFO: Perfil solicitado para el usuario ID: 3
[2025-11-30T05:48:56.861Z] INFO: Perfil consultado para el usuario ID: 3
[2025-11-30T05:48:59.189Z] INFO: Mensajes entre 2 y 3 marcados como leídos
[2025-11-30T05:48:59.194Z] INFO: Conversación entre 2 y 3 consultada
[2025-11-30T05:49:09.540Z] INFO: Mensaje creado en la DB de 3 a 2
[2025-11-30T05:49:09.540Z] INFO: Mensaje enviado de 3 a 2
[2025-11-30T05:49:09.571Z] INFO: Mensajes entre 2 y 3 marcados como leídos
[2025-11-30T05:49:09.573Z] INFO: Conversación entre 2 y 3 consultada
[2025-11-30T05:49:15.378Z] INFO: Inbox generado para usuario ID 3 con 2 conversaciones
[2025-11-30T05:49:15.379Z] INFO: Inbox obtenido para usuario ID: 3
[2025-11-30T05:49:15.410Z] INFO: getAllUsers: 19 usuarios encontrados
[2025-11-30T05:49:15.410Z] INFO: Se obtuvo la lista de todos los usuarios (19)
[2025-11-30T05:49:18.301Z] INFO: Mensajes entre 2 y 3 marcados como leídos
[2025-11-30T05:49:18.303Z] INFO: Conversación entre 2 y 3 consultada
[2025-11-30T05:49:19.524Z] INFO: Inbox generado para usuario ID 3 con 2 conversaciones
[2025-11-30T05:49:19.524Z] INFO: Inbox obtenido para usuario ID: 3
[2025-11-30T05:49:19.547Z] INFO: getAllUsers: 19 usuarios encontrados
[2025-11-30T05:49:19.547Z] INFO: Se obtuvo la lista de todos los usuarios (19)
[2025-11-30T05:49:22.871Z] INFO: Lista de vendedores obtenida correctamente
[2025-11-30T05:49:22.871Z] INFO: Consulta de todos los vendedores realizada
[2025-11-30T05:49:24.469Z] INFO: Pedido creado exitosamente - ID: 68
[2025-11-30T05:49:24.469Z] INFO: Pedido creado con ID 68 por usuario ID 3
[2025-11-30T05:49:25.686Z] INFO: Historial de pedidos obtenido para usuario ID: 3
[2025-11-30T05:49:25.687Z] INFO: Historial de pedidos consultado por usuario ID 3
[2025-11-30T05:49:28.067Z] INFO: Listado de todas las categorías obtenido
[2025-11-30T05:49:28.069Z] INFO: Consulta de productos disponibles realizada
[2025-11-30T05:49:28.069Z] INFO: Listado de todos los productos disponibles consultado
[2025-11-30T05:49:42.065Z] INFO: Login exitoso para: juanclbici@gmail.com
[2025-11-30T05:49:42.066Z] INFO: Inicio de sesión exitoso para: juanclbici@gmail.com
[2025-11-30T05:49:42.102Z] INFO: Perfil solicitado para el usuario ID: 2
[2025-11-30T05:49:42.102Z] INFO: Perfil consultado para el usuario ID: 2
[2025-11-30T05:49:42.192Z] INFO: Listado de todas las categorías obtenido
[2025-11-30T05:49:42.196Z] INFO: Consulta de productos disponibles realizada
[2025-11-30T05:49:42.197Z] INFO: Listado de todos los productos disponibles consultado
[2025-11-30T05:49:45.578Z] INFO: Listado de todas las categorías obtenido
[2025-11-30T05:49:45.634Z] INFO: Productos del vendedor ID 2 consultados
[2025-11-30T05:49:45.635Z] INFO: Productos del vendedor consultados - ID Vendedor: 2
[2025-11-30T05:49:57.465Z] INFO: Producto actualizado - ID: 2
[2025-11-30T05:49:57.467Z] INFO: Producto actualizado - ID: 2
[2025-11-30T05:49:57.511Z] INFO: Productos del vendedor ID 2 consultados
[2025-11-30T05:49:57.511Z] INFO: Productos del vendedor consultados - ID Vendedor: 2
[2025-11-30T05:50:02.655Z] INFO: Listado de todas las categorías obtenido
[2025-11-30T05:50:02.693Z] INFO: Productos del vendedor ID 2 consultados
[2025-11-30T05:50:02.693Z] INFO: Productos del vendedor consultados - ID Vendedor: 2
[2025-11-30T05:50:10.229Z] INFO: Pedidos del vendedor ID 2 obtenidos
[2025-11-30T05:50:10.230Z] INFO: Pedidos del vendedor ID 2 consultados
[2025-11-30T05:50:14.520Z] INFO: Pedido confirmado - ID: 68
[2025-11-30T05:50:14.521Z] INFO: Pedido confirmado ID 68 por vendedor ID 2
[2025-11-30T05:50:14.670Z] INFO: Pedidos del vendedor ID 2 obtenidos
[2025-11-30T05:50:14.670Z] INFO: Pedidos del vendedor ID 2 consultados
[2025-11-30T05:50:17.782Z] INFO: Pedido entregado - ID: 68
[2025-11-30T05:50:17.811Z] INFO: Pedido marcado como entregado ID 68 por vendedor ID 2
[2025-11-30T05:50:17.843Z] INFO: Pedidos del vendedor ID 2 obtenidos
[2025-11-30T05:50:17.843Z] INFO: Pedidos del vendedor ID 2 consultados
[2025-11-30T05:50:34.674Z] INFO: Pedido cancelado - ID: 64
[2025-11-30T05:50:34.686Z] INFO: Pedido cancelado ID 64 por usuario ID 2
[2025-11-30T05:50:34.725Z] INFO: Pedidos del vendedor ID 2 obtenidos
[2025-11-30T05:50:34.725Z] INFO: Pedidos del vendedor ID 2 consultados
[2025-11-30T05:50:41.344Z] INFO: Pedido cancelado - ID: 63
[2025-11-30T05:50:41.344Z] INFO: Pedido cancelado ID 63 por usuario ID 2
[2025-11-30T05:50:41.471Z] INFO: Pedidos del vendedor ID 2 obtenidos
[2025-11-30T05:50:41.472Z] INFO: Pedidos del vendedor ID 2 consultados
[2025-11-30T05:51:15.684Z] INFO: Perfil solicitado para el usuario ID: 2
[2025-11-30T05:51:15.684Z] INFO: Perfil consultado para el usuario ID: 2
[2025-11-30T05:51:18.212Z] INFO: Inbox generado para usuario ID 2 con 4 conversaciones
[2025-11-30T05:51:18.212Z] INFO: Inbox obtenido para usuario ID: 2
[2025-11-30T05:51:18.228Z] INFO: getAllUsers: 19 usuarios encontrados
[2025-11-30T05:51:18.228Z] INFO: Se obtuvo la lista de todos los usuarios (19)
[2025-11-30T05:51:21.423Z] INFO: Mensajes entre 3 y 2 marcados como leídos
[2025-11-30T05:51:21.425Z] INFO: Conversación entre 3 y 2 consultada
[2025-11-30T05:51:28.646Z] INFO: Mensaje creado en la DB de 2 a 3
[2025-11-30T05:51:28.647Z] INFO: Mensaje enviado de 2 a 3
[2025-11-30T05:51:28.669Z] INFO: Mensajes entre 3 y 2 marcados como leídos
[2025-11-30T05:51:28.671Z] INFO: Conversación entre 3 y 2 consultada
[2025-11-30T05:51:30.585Z] INFO: Inbox generado para usuario ID 2 con 4 conversaciones
[2025-11-30T05:51:30.585Z] INFO: Inbox obtenido para usuario ID: 2
[2025-11-30T05:51:30.630Z] INFO: getAllUsers: 19 usuarios encontrados
[2025-11-30T05:51:30.630Z] INFO: Se obtuvo la lista de todos los usuarios (19)
[2025-11-30T05:51:40.037Z] INFO: Login exitoso para: luis@alumnos.udg.mx
[2025-11-30T05:51:40.037Z] INFO: Inicio de sesión exitoso para: luis@alumnos.udg.mx
[2025-11-30T05:51:40.080Z] INFO: Perfil solicitado para el usuario ID: 3
[2025-11-30T05:51:40.081Z] INFO: Perfil consultado para el usuario ID: 3
[2025-11-30T05:51:40.162Z] INFO: Listado de todas las categorías obtenido
[2025-11-30T05:51:40.164Z] INFO: Consulta de productos disponibles realizada
[2025-11-30T05:51:40.165Z] INFO: Listado de todos los productos disponibles consultado
[2025-11-30T05:51:42.065Z] INFO: Inbox generado para usuario ID 3 con 2 conversaciones
[2025-11-30T05:51:42.065Z] INFO: Inbox obtenido para usuario ID: 3
[2025-11-30T05:51:42.081Z] INFO: getAllUsers: 19 usuarios encontrados
[2025-11-30T05:51:42.081Z] INFO: Se obtuvo la lista de todos los usuarios (19)
[2025-11-30T05:51:43.835Z] INFO: Mensajes entre 2 y 3 marcados como leídos
[2025-11-30T05:51:43.837Z] INFO: Conversación entre 2 y 3 consultada
[2025-11-30T05:51:48.802Z] INFO: Mensaje creado en la DB de 3 a 2
[2025-11-30T05:51:48.803Z] INFO: Mensaje enviado de 3 a 2
[2025-11-30T05:51:48.828Z] INFO: Mensajes entre 2 y 3 marcados como leídos
[2025-11-30T05:51:48.829Z] INFO: Conversación entre 2 y 3 consultada
[2025-11-30T05:51:49.498Z] INFO: Inbox generado para usuario ID 3 con 2 conversaciones
[2025-11-30T05:51:49.499Z] INFO: Inbox obtenido para usuario ID: 3
[2025-11-30T05:51:49.525Z] INFO: getAllUsers: 19 usuarios encontrados
[2025-11-30T05:51:49.525Z] INFO: Se obtuvo la lista de todos los usuarios (19)
[2025-11-30T05:51:51.148Z] INFO: Lista de vendedores obtenida correctamente
[2025-11-30T05:51:51.148Z] INFO: Consulta de todos los vendedores realizada
[2025-11-30T05:51:52.047Z] INFO: Historial de pedidos obtenido para usuario ID: 3
[2025-11-30T05:51:52.048Z] INFO: Historial de pedidos consultado por usuario ID 3
[2025-11-30T05:51:59.083Z] INFO: Listado de todas las categorías obtenido
[2025-11-30T05:51:59.086Z] INFO: Consulta de productos disponibles realizada
[2025-11-30T05:51:59.087Z] INFO: Listado de todos los productos disponibles consultado
[2025-11-30T05:52:05.500Z] INFO: Perfil solicitado para el usuario ID: 3
[2025-11-30T05:52:05.501Z] INFO: Perfil consultado para el usuario ID: 3
[2025-11-30T05:52:06.039Z] INFO: Lista de vendedores obtenida correctamente
[2025-11-30T05:52:06.039Z] INFO: Consulta de todos los vendedores realizada
[2025-11-30T05:52:07.332Z] INFO: Pedido creado exitosamente - ID: 69
[2025-11-30T05:52:07.333Z] INFO: Pedido creado con ID 69 por usuario ID 3
[2025-11-30T05:52:08.232Z] INFO: Historial de pedidos obtenido para usuario ID: 3
[2025-11-30T05:52:08.232Z] INFO: Historial de pedidos consultado por usuario ID 3
[2025-11-30T05:52:10.498Z] INFO: Pedido cancelado - ID: 69
[2025-11-30T05:52:10.498Z] INFO: Pedido cancelado ID 69 por usuario ID 3
[2025-11-30T05:52:10.523Z] INFO: Historial de pedidos obtenido para usuario ID: 3
[2025-11-30T05:52:10.523Z] INFO: Historial de pedidos consultado por usuario ID 3
[2025-11-30T05:52:11.328Z] INFO: Listado de todas las categorías obtenido
[2025-11-30T05:52:11.333Z] INFO: Consulta de productos disponibles realizada
[2025-11-30T05:52:11.333Z] INFO: Listado de todos los productos disponibles consultado
[2025-11-30T05:52:14.316Z] INFO: Perfil solicitado para el usuario ID: 3
[2025-11-30T05:52:14.316Z] INFO: Perfil consultado para el usuario ID: 3
[2025-11-30T05:52:15.321Z] INFO: Lista de vendedores obtenida correctamente
[2025-11-30T05:52:15.321Z] INFO: Consulta de todos los vendedores realizada
[2025-11-30T05:52:16.551Z] INFO: Pedido creado exitosamente - ID: 70
[2025-11-30T05:52:16.551Z] INFO: Pedido creado con ID 70 por usuario ID 3
[2025-11-30T05:52:18.666Z] INFO: Historial de pedidos obtenido para usuario ID: 3
[2025-11-30T05:52:18.667Z] INFO: Historial de pedidos consultado por usuario ID 3
[2025-11-30T05:52:20.934Z] INFO: Mensajes entre 2 y 3 marcados como leídos
[2025-11-30T05:52:20.936Z] INFO: Conversación entre 2 y 3 consultada
